id,domain,status,purchase_price,renewal_price,attractiveness,demand,length,registrar,created_at,expires_at,status_verified_at
2a5a3a59-a37b-4251-a433-3518d0420ec1,curie.hot,available,51.99,51.99,high,low,5,namesilo,,,12/08/2026 08:00
6692a055-9fb3-4d8d-8e17-ae95f464b56d,haines.hot,available,51.99,51.99,medium,low,6,namesilo,,,28/09/2026 04:08
2cf5769c-751b-4820-b245-e5f5623d70e6,filters.hot,premium,103.7,103.7,medium,low,7,spaceship,,,30/09/2026 15:03
566cb35f-79bf-4efa-812b-fb28bdf4301f,petrous.hot,available,52.98,58.98,medium,low,7,namecheap,,,08/09/2026 18:24
4e2a4552-a192-4c10-916d-a5e24ad669a2,classes.hot,premium,103.7,103.7,medium,low,7,spaceship,,,27/09/2026 23:47
9be80e2c-0ad9-49e4-9e8d-6eb2673c667e,leaks.hot,available,51.99,51.99,medium,low,5,namesilo,,,18/09/2026 06:46
98a9cf24-edcb-442e-8fed-64e5549d5d10,demonstrates.hot,premium,116,116,medium,low,12,namesilo,,,20/09/2026 23:55
4175c24c-ec15-4b83-a6b9-651d9e3f09fc,centroidal.hot,available,51.99,51.99,medium,low,10,namesilo,,,12/08/2026 00:18
1e5958f4-dabc-4e51-b455-7a585b4346e2,parents.hot,premium,103.7,103.7,high,low,7,spaceship,,,02/10/2026 15:26
60fc0abb-d4c1-4201-82fd-bb3f9057b82a,lamppost.hot,available,41.6,41.6,high,low,8,spaceship,,,30/09/2026 02:00
4f53d1a8-86c9-41b3-813b-d64b13443d19,fibre.hot,premium,517.7,517.7,high,low,5,spaceship,,,29/09/2026 19:17
2e2e271e-f9c4-4bf8-84bd-215e07d5539c,chunk.hot,available,41.6,41.6,medium,low,5,spaceship,,,29/09/2026 06:21
35a2837c-d910-4c7b-8aff-e1a84d2d5fa5,thongs.hot,premium,1107,1107,medium,low,6,namesilo,,,19/09/2026 22:16
cf6d6721-f398-470a-8741-cbeaa7fe6069,mutilated.hot,available,51.99,51.99,medium,low,9,namesilo,,,24/08/2026 13:22
44f0af52-724b-4a14-be8e-7ccf248e63e6,skilled.hot,premium,116,116,high,low,7,namesilo,,,27/09/2026 22:20
eb50bc72-b7e4-4f9a-853f-28a18454adad,discontinuity.hot,available,51.99,51.99,medium,low,13,namesilo,,,30/09/2026 11:55
1b15d10c-82ab-4f48-9847-e868b68961a6,asahikawa.hot,available,52.98,58.98,medium,low,9,namecheap,,,20/09/2026 12:44
1bc1d4b4-d0b4-4078-b793-23184cb31f37,belts.hot,premium,640,640,medium,low,5,namesilo,,,28/09/2026 09:04
8c951d5c-b968-40df-9682-d9a5bba137ee,maddened.hot,available,51.99,51.99,medium,low,8,namesilo,,,
4b557cf7-4853-4b9e-8314-f7010abdb7c8,bulls.hot,available,43.02,43.02,high,low,5,dynadot,,,28/09/2026 07:33
d679c386-3800-414d-8fde-066778bf4b74,capacitive.hot,available,52.98,58.98,medium,low,10,namecheap,,,11/08/2026 17:49
fe3f704c-b8a2-4e26-9c48-803a655fc299,unabated.hot,available,51.99,51.99,medium,low,8,namesilo,,,11/09/2026 23:24
9b619570-fb5d-47d2-a02a-7c2f221908d0,waldemar.hot,available,41.6,41.6,medium,low,8,spaceship,,,02/10/2026 00:21
de944d3b-be34-4d46-9490-677299b2f6b5,contempt.hot,available,41.6,41.6,medium,low,8,spaceship,,,29/09/2026 11:21
3ead4b45-4218-4b39-a59b-887a68f216cf,supporters.hot,premium,109.69,109.69,high,low,10,porkbun,,,30/09/2026 07:11
1114b445-babd-4da3-859e-1fcd09130c11,break.hot,premium,640,640,high,low,5,namesilo,,,22/09/2026 17:01
93e87aab-8a46-47ae-a3af-bd90187a4545,heaven.hot,premium,1107,1107,high,low,6,namesilo,,,29/09/2026 17:41
1c9be4f3-74c4-4c6c-90e9-78f3e3e2717d,gazing.hot,available,53,,high,low,6,unstoppable,,,01/10/2026 22:38
16dd2c5d-eb97-4ab3-98de-b6c1dab87172,shakeable.hot,available,51.99,51.99,medium,low,9,namesilo,,,10/09/2026 05:34
1bf5173f-4385-445c-b411-18ba88bf4797,anodic.hot,available,51.99,51.99,high,low,6,namesilo,,,
8607e1f3-35bc-43b8-acf5-11c247a0490e,pleaded.hot,available,53,,medium,low,7,unstoppable,,,29/09/2026 22:56
aa5e0cc8-2e2d-4ebe-8569-a45dfeb8b9c2,mcmaster.hot,available,41.6,41.6,medium,low,8,spaceship,,,29/09/2026 01:24
57ca655d-008b-4178-a18d-72e863d7798c,multicolor.hot,available,51.99,51.99,high,low,10,namesilo,,,03/09/2026 10:35
0b8e1280-c861-4d05-af93-e9bd383a0cfa,coined.hot,available,41.6,41.6,medium,low,6,spaceship,,,02/10/2026 01:39
88d39145-a9d4-4123-827f-fafe56a23521,cantonese.hot,available,41.6,41.6,high,low,9,spaceship,,,01/10/2026 18:53
e2cdd5e5-8f85-4dc0-8580-7e95e73dabb7,inception.hot,available,41.6,41.6,high,low,9,spaceship,,,29/09/2026 23:45
b39f29a0-5194-4aea-81b8-f0f199955d3a,pectoral.hot,available,51.99,51.99,medium,low,8,namesilo,,,08/09/2026 11:58
2176d207-11ec-49c0-a87a-1f0e02c13f1f,hind.hot,available,51.99,51.99,medium,low,4,namesilo,,,21/08/2026 09:26
c25f7a6f-91fb-4f7c-86eb-3073a48b7788,strangle.hot,available,43.02,43.02,medium,low,8,dynadot,,,30/09/2026 17:32
203aff40-3f4d-408d-8fd6-e505a07638b1,any.hot,premium,3450,3450,high,medium,3,namesilo,,,22/09/2026 07:02
a584fb0d-a015-4e89-b8c1-727e9f5d7700,grove.hot,premium,640,640,high,low,5,namesilo,,,28/09/2026 09:58
65c61379-f076-485f-ad76-e495703cd6e9,agnomen.hot,available,52.98,58.98,medium,low,7,namecheap,,,17/09/2026 18:44
61e606cd-d1ad-478e-a9c4-6ea46778001b,opener.hot,available,41.6,41.6,medium,low,6,spaceship,,,28/09/2026 20:02
ed1ba59c-a764-4655-84dd-f9b2f870e497,intuition.hot,available,53,,high,low,9,unstoppable,,,28/09/2026 19:28
8ef02573-c43c-4642-afe9-e07bf1462708,viability.hot,available,43.02,43.02,high,low,9,dynadot,,,02/10/2026 17:04
483813f5-cca3-4472-b8dc-1a0deb83efab,written.hot,premium,103.7,103.7,high,low,7,spaceship,,,27/09/2026 18:44
a1274342-56a2-4286-b6c6-dbf9bb6d58d5,frc.hot,premium,1300,1300,high,low,3,namecheap,,,02/10/2026 22:09
b72e8401-8a3e-413a-84e6-52a2447942f5,overside.hot,available,51.99,51.99,medium,low,8,namesilo,,,15/09/2026 18:29
c86774d4-1b5c-4b01-b62b-ea2887a9e00a,mosul.hot,premium,130,130,medium,low,5,namecheap,,,29/09/2026 19:43
cdde177e-4725-477c-a757-0ac8298356c4,newbury.hot,available,53,,medium,low,7,unstoppable,,,28/09/2026 03:59
6f46d426-4177-4ba8-9a19-f3f84534ef1a,metallic.hot,premium,116,116,high,low,8,namesilo,,,24/08/2026 21:34
b85a8bae-b343-4520-b971-6f248dad088f,acerola.hot,available,51.99,51.99,medium,low,7,namesilo,,,16/09/2026 23:42
c96e20c7-bacf-40f7-aeb4-25f1794af814,grandparents.hot,available,51.99,51.99,high,low,12,namesilo,,,18/09/2026 06:12
0527de0b-cb4f-4d68-ad38-a8f084935fbc,breech.hot,available,53,,medium,low,6,unstoppable,,,02/10/2026 23:41
b1bd51e2-0f08-49f9-8f51-5ead706d5b27,clarification.hot,available,53,,medium,low,13,unstoppable,,,02/10/2026 01:38
bac77c9a-a7e8-412b-93f2-8ef2e10acf3e,ssi.hot,premium,1092.18,1092.18,high,low,3,porkbun,,,01/10/2026 18:32
22159f00-4062-48b9-9a31-d62b0d99b70c,technical.hot,premium,130,130,high,low,9,namecheap,,,02/10/2026 12:55
688332db-885c-4539-8a0a-99c51e10dc1e,disgust.hot,available,53,51.99,high,low,7,unstoppable,,,29/09/2026 15:47
583e8300-8bd4-435f-bc12-4dc776bbc0bc,issuers.hot,available,43.02,43.02,medium,low,7,dynadot,,,30/09/2026 07:32
018c8f30-cf4b-44f8-a6cb-b0c1b394906e,investing.hot,premium,116,116,high,low,9,namesilo,,,02/10/2026 00:03
9dd36ed7-79e1-4667-a57a-d53dd85a5f60,demons.hot,available,51.99,51.99,low,low,6,namesilo,,,25/09/2026 21:42
b3598336-f686-4fed-a6a4-da2cca0b5253,studded.hot,available,51.99,51.99,high,low,7,namesilo,,,10/09/2026 22:57
792bd358-fea2-47c9-9ff6-5ab75aa80483,sleeveless.hot,available,51.99,51.99,high,low,10,namesilo,,,10/08/2026 19:41
0bdb3669-1f71-46be-a904-85448e18a8cf,sunburned.hot,available,51.99,51.99,medium,low,9,namesilo,,,11/09/2026 01:46
ecb382d9-d2ae-493c-a270-33fe2adf78ef,reasonless.hot,available,51.99,51.99,medium,low,10,namesilo,,,11/08/2026 22:42
70e69374-baf7-4ebf-9041-28df628c4133,guitarist.hot,available,53,,high,low,9,unstoppable,,,01/10/2026 02:21
0a8251b2-56f9-4250-94b8-2bcf340a83cf,unmade.hot,available,51.99,51.99,medium,low,6,namesilo,,,12/09/2026 15:15
75b5e552-18e3-4385-9571-667c03026fa8,abortions.hot,available,41.6,41.6,low,low,9,spaceship,,,02/10/2026 03:54
50b184e0-2b9b-46a9-a549-6b6a11ba37be,negev.hot,available,52.98,58.98,medium,low,5,namecheap,,,30/09/2026 18:10
7444cdae-b501-4107-8f2e-68aa4b9c6ae9,sparkles.hot,available,52.98,58.98,high,low,8,namecheap,,,20/09/2026 19:19
1146ea2d-40c1-4b82-8ed5-056b1741493b,bremerton.hot,available,51.99,51.99,medium,low,9,namesilo,,,02/10/2026 08:13
c4418af9-eda6-47f1-9aed-4655508abc82,ataractic.hot,available,51.99,51.99,low,low,9,namesilo,,,07/08/2026 12:44
9f0675e3-2d61-4d17-b9b0-8489743e55e0,thoughtful.hot,available,51.99,51.99,high,low,10,namesilo,,,21/08/2026 05:59
765f2e33-633d-474f-b5b3-b6f1a22e7c42,agreement.hot,premium,116,116,high,low,9,namesilo,,,02/10/2026 11:50
22c4e78a-0147-4d7d-a48a-17c8f7884c30,glacier.hot,available,53,,high,low,7,unstoppable,,,29/09/2026 19:03
6733b282-0f4b-468d-b61b-dcad181d8e94,axiology.hot,available,51.99,51.99,medium,low,8,namesilo,,,21/09/2026 10:24
12ab13e4-b69b-4efd-994a-d4538464cd8e,hangout.hot,available,51.99,51.99,high,low,8,namesilo,,,
66b08fd9-1fd5-4057-9865-187a05584344,steer.hot,available,52.98,58.98,high,low,5,namecheap,,,29/09/2026 10:54
9baf2e2b-754c-4249-b889-2c4ccc0e31ed,autologous.hot,available,51.99,51.99,medium,low,10,namesilo,,,07/08/2026 20:37
71d49f66-671e-418f-8ef4-b9a6b696bfb7,aloof.hot,available,51.99,51.99,medium,low,5,namesilo,,,
315b0e2a-618c-453f-81ad-0d20e40e5226,saxe.hot,available,52.98,58.98,high,low,4,namecheap,,,03/10/2026 00:09
12ab834c-ac9e-4c8d-b1d1-6a6ca6dd7445,balustrade.hot,available,51.99,51.99,high,low,10,namesilo,,,22/09/2026 00:29
133251e0-fd88-4db5-8529-ef243157f91b,keyes.hot,available,53,,medium,low,5,unstoppable,,,28/09/2026 16:42
bde81b49-2e96-449a-aa77-52c3e76270be,comedy.hot,premium,1107,1107,high,low,6,namesilo,,,24/09/2026 16:25
bd74397f-e62f-4c2b-b507-ea7e123ca4b6,sinewy.hot,available,51.99,51.99,medium,low,6,namesilo,,,11/08/2026 02:52
3c89d8c2-cf36-42bc-8f4a-8584f66ffddf,gastropod.hot,available,51.99,51.99,medium,low,9,namesilo,,,12/09/2026 14:04
371aa0ae-a4eb-4303-a480-18ccc5b31745,anonymity.hot,available,51.99,51.99,high,low,9,namesilo,,,19/09/2026 11:38
3014c4d3-92c3-445f-b5cb-059c664632e6,genitals.hot,available,41.6,41.6,high,low,8,spaceship,,,01/10/2026 19:44
f813c072-9881-4b2b-86cf-5237f384cec5,grating.hot,available,52.98,58.98,medium,low,7,namecheap,,,20/08/2026 18:26
dd496f7a-ca42-45d8-85d1-383916cb4bd8,allotropic.hot,available,51.99,51.99,medium,low,10,namesilo,,,
23a179e0-5c89-4740-a83d-a3eb663303c1,agonist.hot,available,52.98,58.98,medium,low,7,namecheap,,,17/09/2026 18:56
324d2b91-64c4-4cc4-abbb-7f0b79e5d6da,inscribe.hot,available,51.99,51.99,high,low,8,namesilo,,,21/09/2026 06:39
b0d53496-03a1-41b4-a70b-da7a65de1f8e,transitions.hot,available,53,51.99,medium,low,11,unstoppable,,,02/10/2026 18:34
135b94cc-9d04-46df-b5e1-0abcf3a1a93c,aaas.hot,available,41.71,41.71,medium,low,4,porkbun,,,02/10/2026 19:26
c0a0d1fd-707d-4230-b5b3-f9bd308da91e,senior.hot,premium,116,116,high,low,6,namesilo,,,21/09/2026 22:36
9155fb07-437a-42c4-b29e-c5685664383d,rodriguez.hot,premium,109.69,109.69,medium,low,9,porkbun,,,28/09/2026 22:21
af04e38a-ef38-4f28-b1f7-44a61172a1d0,subdued.hot,available,51.99,51.99,medium,low,7,namesilo,,,14/08/2026 07:54
f0da3fe3-7290-4d52-8dc5-c05c9f7913c9,eternally.hot,available,51.99,51.99,high,low,9,namesilo,,,14/09/2026 16:17
22e03c42-6298-4b9c-9fff-e344747b15c8,silicious.hot,available,51.99,51.99,high,medium,9,namesilo,,,10/09/2026 08:08
9a0a52f6-bc40-4073-b46e-ab1c13e2f514,spiritual.hot,premium,116,116,high,low,9,namesilo,,,06/08/2026 05:42
b3ef1367-0bb0-4e88-972d-72b5451a6ebd,nimitz.hot,available,51.99,51.99,medium,low,6,namesilo,,,17/09/2026 08:52
9a0eba5c-47bf-456f-bac6-e4b45a3b6b9e,bute.hot,available,51.99,51.99,medium,low,4,namesilo,,,29/09/2026 22:36
c1a7727c-a346-4f19-84a7-aa01fd1310e3,avondale.hot,available,43.02,43.02,medium,low,8,dynadot,,,30/09/2026 21:47
1cd1d6c8-5cfe-4999-8c85-286020a2130d,thence.hot,available,51.99,51.99,medium,low,6,namesilo,,,15/09/2026 00:13
9816a806-5c02-4b6c-a09e-aa64cd1a3d00,arborist.hot,available,52.98,58.98,medium,low,8,namecheap,,,20/09/2026 00:51
5f362026-e575-43fe-b07b-5afa9d744a0f,oxonian.hot,available,51.99,51.99,medium,low,7,namesilo,,,04/09/2026 22:32
a76d9751-9b3a-46cf-8ff9-7fd2de113094,gandhi.hot,available,41.6,41.6,high,low,6,spaceship,,,29/09/2026 20:38
d8a5aa28-b868-423f-8806-dc7ddda3610e,auckland.hot,premium,116,116,high,low,8,namesilo,,,21/09/2026 02:39
270d3904-9df5-4d02-a545-c5fb00fb9747,upwind.hot,premium,116,116,high,low,6,namesilo,,,22/08/2026 22:35
f30ee3b3-a41d-4287-80a6-0a8c6ef225a5,decomposed.hot,available,41.71,41.71,low,low,10,porkbun,,,02/10/2026 02:50
fe0f0aeb-6c30-494d-aa9e-538e42f687bc,bollywood.hot,premium,116,116,high,low,9,namesilo,,,30/09/2026 08:37
309fe13d-3cfa-49d5-8ed1-ef1c7307cb1d,uav.hot,premium,1000.5,,high,low,3,unstoppable,,,02/10/2026 18:39
6e8b1587-3a64-4456-a2b7-07ae65c65c3b,illiteracy.hot,available,51.99,51.99,medium,low,10,namesilo,,,19/09/2026 01:54
8093522e-dffb-4ed9-9d8a-e30a5f0d884a,antidotal.hot,available,51.99,51.99,medium,low,9,namesilo,,,
bf1efaac-17e0-4e47-b0b5-e6fbaac5ebbf,reversed.hot,available,41.6,41.6,high,low,8,spaceship,,,27/09/2026 14:11
ffecdfc6-34ea-4f14-9e7e-0b5fbaea51eb,work.hot,premium,1035.2,1035.2,high,medium,4,spaceship,,,27/09/2026 23:50
b71f88d6-3477-4659-8e05-3e3b99c2f05a,archives.hot,premium,116,116,high,low,8,namesilo,,,20/09/2026 02:21
117a0942-5106-4bd6-8d52-49b179b4a801,buzzer.hot,available,41.6,41.6,high,low,6,spaceship,,,30/09/2026 16:33
946fd17f-7b4e-45dc-a805-4fd2e6af9cf7,arius.hot,premium,116,116,medium,low,5,namesilo,,,20/09/2026 06:03
7b2f57f2-b9a3-4812-accc-d397552ea215,boris.hot,available,52.98,58.98,high,low,5,namecheap,,,25/09/2026 20:39
ffba1353-ba9a-4716-b89a-d1e25124f4f9,grandly.hot,available,51.99,51.99,medium,low,7,namesilo,,,14/09/2026 22:02
ef73f0be-ab3f-4350-b617-2fd38746dd0c,frantic.hot,available,51.99,51.99,medium,low,7,namesilo,,,18/08/2026 14:15
306799f4-8982-4eb8-ab46-cf5d9e2d060c,retinal.hot,available,51.99,51.99,high,low,7,namesilo,,,09/09/2026 15:37
369998a9-4405-4aa7-9792-e99f9f4d62a1,stopped.hot,premium,116,116,high,low,7,namesilo,,,28/09/2026 01:05
27d65bdc-c831-4d10-bbb8-f13078da8f79,junky.hot,available,51.99,51.99,medium,low,5,namesilo,,,17/09/2026 06:52
8fe290fd-6fe0-48dd-a074-41ff6184eea1,monkshood.hot,available,51.99,51.99,medium,low,9,namesilo,,,17/09/2026 02:11
6c4a0db0-69dc-4f91-90a1-d32a5428a685,cctv.hot,available,41.6,41.6,high,low,4,spaceship,,,30/09/2026 03:41
0f14af34-b4c0-4284-842e-4b42205cc580,mavin.hot,available,51.99,51.99,high,low,5,namesilo,,,
2b8072a0-9c90-4c38-b6b8-393e302b0efc,fixture.hot,available,51.99,51.99,high,medium,7,namesilo,,,09/09/2026 13:04
c045939e-601d-4d0e-b752-561dcd832802,pcc.hot,premium,1000.5,,high,low,3,unstoppable,,,29/09/2026 14:59
37846609-73ba-4c45-9c9f-37e914e706a6,seized.hot,available,58.98,,medium,low,6,namecheap,,,
98c78956-8133-45d7-95dc-20473c27c10f,left.hot,premium,1107,1107,high,low,4,namesilo,,,25/09/2026 13:25
c178e251-7b91-4c69-ac8a-1613cda9e15b,associate.hot,premium,116,116,high,low,9,namesilo,,,07/08/2026 06:50
642aa1b8-6591-464e-93b9-7e239feddbe7,watson.hot,premium,116,116,high,medium,6,namesilo,,,30/09/2026 00:32
7a5bd1b1-3a53-4f92-b992-773099e9b592,ferment.hot,available,51.99,51.99,high,medium,7,namesilo,,,10/09/2026 14:45
399d8b78-9a2f-4603-9440-ef6ade45c712,clap.hot,available,51.99,51.99,high,low,4,namesilo,,,29/09/2026 09:38
031f0f19-a56c-4a10-8476-a7dd9ce12bc7,unicameral.hot,available,51.99,51.99,medium,low,10,namesilo,,,12/09/2026 12:46
e0bbe2c1-47ac-4afb-b200-decbd08db9ec,knitted.hot,available,51.99,51.99,medium,low,7,namesilo,,,22/08/2026 16:27
0ce870a8-742a-433e-9d61-0f297ee135f4,bavaria.hot,available,51.99,51.99,high,low,7,namesilo,,,22/09/2026 16:42
a73faa96-47bd-40bc-a534-35f9399217ea,moribund.hot,available,51.99,51.99,medium,low,8,namesilo,,,25/08/2026 06:31
6be73d7a-0efc-465d-b4fa-adc3813ac99a,codified.hot,available,51.99,51.99,medium,low,8,namesilo,,,12/08/2026 15:19
b48f841d-9cb5-431e-99a3-c840548c435a,dolt.hot,available,51.99,51.99,medium,low,4,namesilo,,,10/09/2026 23:09
28cf0798-aba4-4dc5-8ff9-d24e3dd62c5c,bursal.hot,available,51.99,51.99,medium,low,6,namesilo,,,11/08/2026 11:04
8b57bf90-8403-445f-9258-a4e91b0ff9f1,goit.hot,available,51.99,51.99,high,low,5,namesilo,,,17/09/2026 17:43
218861ce-b6a9-404e-992e-1f6cc0f5f71e,simplify.hot,available,41.6,41.6,high,low,8,spaceship,,,30/09/2026 21:28
837bf9e0-33e8-4e86-9daa-8ab8df38d7a5,adequately.hot,available,43.02,43.02,medium,low,10,dynadot,,,28/09/2026 11:47
d0f1acc1-7343-4300-a00a-f615568e6c03,hacker.hot,premium,116,116,high,medium,6,namesilo,,,24/09/2026 20:44
8648c884-ead7-494f-88f8-caeb5a63a7ab,hangar.hot,available,51.99,51.99,high,low,6,namesilo,,,17/09/2026 23:05
105d229b-74a7-41e3-b640-1da334ed948a,monocytes.hot,available,41.71,41.71,low,low,9,porkbun,,,02/10/2026 13:53
36805d67-70ee-4f8f-a2d1-73883296afdb,kiss.hot,premium,1100,1100,high,low,4,dynadot,,,29/09/2026 05:31
2383f4f9-0536-4407-b2ed-170d656fc220,packing.hot,premium,103.7,103.7,high,low,7,spaceship,,,29/09/2026 00:21
d6a97d11-6545-4369-a9d2-d56f0105715b,pages.hot,premium,650,650,high,low,5,namecheap,,,17/09/2026 10:38
cb77f431-f3d1-4c84-b2aa-c1dcabcea5d4,stimulate.hot,available,53,,high,low,9,unstoppable,,,29/09/2026 02:44
4308efd2-6d79-4148-ad5a-9d95eeba676a,cliffs.hot,available,51.99,51.99,high,low,6,namesilo,,,29/09/2026 11:04
5756b0b3-954f-4662-a66b-f7e38e8950ea,uptight.hot,available,51.99,51.99,medium,low,7,namesilo,,,15/08/2026 09:30
4ef2a403-7a4f-4f87-a452-92b37ae0f3e3,prefrontal.hot,available,51.99,51.99,high,medium,10,namesilo,,,09/09/2026 01:37
63dc1003-6c04-44b4-a1be-19411b90c3ea,python.hot,premium,103.7,103.7,high,low,6,spaceship,,,29/09/2026 13:44
22e33cbc-17ee-4a5d-8277-8cb800e9e42f,arauca.hot,available,51.99,51.99,medium,low,6,namesilo,,,20/09/2026 00:22
da77aa2d-eee0-41ef-a6cf-2bda802f1284,cripple.hot,available,52.98,58.98,medium,low,7,namecheap,,,22/08/2026 18:58
0ee5c47c-7183-4b08-af2c-eec9a8ed2547,colo.hot,premium,116,116,high,low,4,namesilo,,,30/09/2026 06:13
b33aa99d-bd5e-4832-a1bf-717391b17770,ist.hot,premium,3450,3450,high,low,3,namesilo,,,01/10/2026 22:27
ae2d755c-d037-4709-89c7-680120c2d2a0,alkalic.hot,available,51.99,51.99,medium,low,7,namesilo,,,
0f5fcd12-a587-4f8c-8171-6efde81cf2ec,diets.hot,premium,100.5,,medium,low,5,unstoppable,,,02/10/2026 12:37
243acd2a-cbe1-4136-a813-4fb4f68ef317,vhs.hot,premium,3250,3250,high,low,3,namecheap,,,16/09/2026 06:26
89cab087-55c1-481f-9d05-dc820d34b6f4,moldavia.hot,available,51.99,51.99,medium,low,8,namesilo,,,29/09/2026 13:27
af4c9a58-6e5a-4ab0-8a5f-77c623b02d84,unimposing.hot,available,51.99,51.99,medium,low,10,namesilo,,,12/09/2026 13:12
83ab5760-b036-4371-9ddb-8521deada7c4,unforeseen.hot,available,52.98,58.98,high,low,10,namecheap,,,04/09/2026 18:50
e1147bdb-4f15-4757-85cc-c53cf75629ec,dispersion.hot,available,51.99,51.99,high,low,10,namesilo,,,24/09/2026 22:57
615b753b-b776-4c36-8396-7aaa9db50e94,particularly.hot,premium,130,130,medium,low,12,namecheap,,,27/09/2026 08:28
93a2396e-e1b7-45ef-b9d5-79c7cf845ea0,crumbling.hot,available,41.6,41.6,medium,low,9,spaceship,,,03/10/2026 03:03
90772f4c-dbe9-4ec5-803d-52c7b9ea50c4,revolver.hot,available,41.6,41.6,high,low,8,spaceship,,,28/09/2026 20:20
8ff0ef05-f254-423c-ac50-f340728d9193,ordre.hot,available,52.98,58.98,high,low,5,namecheap,,,02/10/2026 17:41
973d58ab-81ee-4673-b314-06f95ea8de1a,guardianship.hot,available,41.6,41.6,high,low,12,spaceship,,,02/10/2026 07:22
a3b25517-c7a7-4aed-a20e-ee841d744eca,hellish.hot,available,51.99,51.99,medium,low,7,namesilo,,,09/08/2026 04:59
e97a997c-79b7-439b-bb2c-53ada77b22fd,nitric.hot,available,51.99,51.99,medium,low,6,namesilo,,,08/08/2026 02:58
5a69eb80-0d14-4c37-984b-7fa307393d2e,belike.hot,available,51.99,51.99,medium,low,7,namesilo,,,04/09/2026 04:45
75618514-e2ca-4700-9515-dfb3fe3c20b2,aids.hot,premium,1035.2,1035.2,medium,low,4,spaceship,,,28/09/2026 17:52
760b6067-5e25-41d0-96b2-43742ac58b5f,tbsp.hot,available,51.99,51.99,medium,low,4,namesilo,,,18/09/2026 08:20
ac3d1b77-3ae3-4d3c-b041-26beecbeb816,helena.hot,premium,116,116,high,low,6,namesilo,,,28/09/2026 13:38
2aa21bf5-efeb-4df2-ad21-6da2ed304465,spiritous.hot,available,51.99,51.99,medium,low,9,namesilo,,,10/09/2026 16:00
974439c5-fa03-4fc8-91f0-4f9435dcce8b,germans.hot,available,51.99,51.99,medium,low,7,namesilo,,,27/09/2026 03:03
5521ef25-fb05-4ee7-acd2-c5d353a0aca5,burleson.hot,available,41.6,41.6,medium,low,8,spaceship,,,02/10/2026 09:53
3c6c87dd-2482-4f26-ae5f-4cb590077b36,ayn.hot,premium,1000.5,,high,low,3,unstoppable,,,03/10/2026 03:51
63200f0f-b1b7-4e82-8ac2-b8ea5400ca5e,strokes.hot,available,41.6,41.6,medium,low,7,spaceship,,,29/09/2026 04:49
acba31d0-1bfa-47e9-972b-c813022cec4c,disgruntled.hot,available,53,,medium,low,11,unstoppable,,,01/10/2026 05:39
1fbfe64e-8b0f-402d-94be-805c8f31d32e,accompanied.hot,premium,100.5,,medium,low,11,unstoppable,,,29/09/2026 10:27
f810a0c7-45ba-40ae-b8bb-e51076df0803,citadel.hot,available,52.98,58.98,high,medium,7,namecheap,,,03/10/2026 00:03
b55b2c43-bcac-4024-a9bc-61db4f370467,aerial.hot,premium,116,116,high,low,6,namesilo,,,
426f8603-f909-4ddd-8fb8-58ec51520077,passionate.hot,available,52.98,58.98,high,low,10,namecheap,,,27/09/2026 02:53
48efccd0-8256-4ef9-a4ee-6f24d67202ce,luo.hot,premium,1035.2,1035.2,high,low,3,spaceship,,,29/09/2026 07:30
3d79e4a0-05bd-4986-99d9-ce7d26a9de91,stoner.hot,available,41.71,41.71,high,low,6,porkbun,,,02/10/2026 05:35
95bb0b69-c679-4c7a-babb-4b6a6b6c6db1,leafed.hot,available,51.99,51.99,medium,low,6,namesilo,,,22/08/2026 21:52
56922db5-2a30-4950-9b92-dfef8e8cf1dd,obtrusive.hot,available,51.99,51.99,medium,low,9,namesilo,,,04/09/2026 00:07
cdc127f0-f6fb-47f4-9392-fff5a7fd26cd,booted.hot,available,51.99,51.99,high,low,6,namesilo,,,22/09/2026 23:43
a0535659-0a2f-42f0-82a4-f8aaddeef067,pint.hot,available,41.6,41.6,medium,low,4,spaceship,,,29/09/2026 12:06
4eb6c858-1f36-40a5-b907-73df3a1368b4,waxed.hot,available,51.99,51.99,high,low,5,namesilo,,,13/09/2026 08:40
f7c72794-c00c-495a-876d-7c6d3009d1a9,operates.hot,premium,116,116,medium,low,8,namesilo,,,29/09/2026 10:32
58a67416-6c11-4e86-8b78-e8e6f718cc74,palsied.hot,available,51.99,51.99,medium,low,7,namesilo,,,05/09/2026 00:19
8a33c083-736c-4b81-b178-3361a562a880,glamourous.hot,available,51.99,51.99,high,low,10,namesilo,,,19/08/2026 00:17
265b7ffb-8306-411f-be2c-01fcef751328,botched.hot,available,52.98,58.98,medium,low,7,namecheap,,,10/08/2026 20:51
0431dffd-fdfa-4259-acea-f9e509e01bf1,aiglet.hot,available,52.98,58.98,medium,low,6,namecheap,,,17/09/2026 18:23
ccae94bd-757b-466a-8c7b-7216ee698e57,angled.hot,available,51.99,51.99,medium,low,6,namesilo,,,
2db91328-5c7d-43f9-962f-8fde97b17499,greatness.hot,available,30,41.71,medium,low,9,porkbun,,,28/09/2026 17:18
dc50f7d5-fcff-4678-94bf-0ab91a961028,rebuilding.hot,available,41.6,41.6,high,low,10,spaceship,,,29/09/2026 20:09
21b3399d-727a-4ea3-a682-1ce18a4467c3,acetone.hot,available,51.99,51.99,high,low,7,namesilo,,,17/09/2026 00:07
fd0c865a-0ce4-42db-898f-302280581204,rinpoche.hot,available,51.99,51.99,medium,low,8,namesilo,,,01/10/2026 23:21
818a538d-80ce-486b-abeb-2852589922d5,mapped.hot,available,52.98,58.98,medium,low,6,namecheap,,,30/09/2026 14:20
1fc84ec0-974f-4613-801e-247b66253ba8,selves.hot,available,53,,medium,low,6,unstoppable,,,02/10/2026 21:25
5d488f0f-f9a6-47d6-87b2-a354c6db63f3,laval.hot,premium,130,130,high,low,5,namecheap,,,28/09/2026 05:09
5f5badf5-9827-4da2-848f-205bc6b68732,finalist.hot,available,53,,high,low,8,unstoppable,,,02/10/2026 15:11
dee24427-d3b2-4ce2-a5f3-ff262a55089e,nettle.hot,available,51.99,51.99,high,low,6,namesilo,,,24/09/2026 22:02
33e630e8-0ec7-4fb9-a502-44f243b933aa,involvement.hot,premium,125,,high,low,11,name.com,,,
216b9463-5d1f-4ad6-86a2-2a26d87adcd2,colloidal.hot,available,51.99,51.99,medium,low,9,namesilo,,,12/08/2026 17:12
a37b3a71-5bdc-420f-bf67-5da848d3066a,malicious.hot,available,51.99,51.99,medium,low,9,namesilo,,,24/08/2026 14:02
c94c75f2-df02-47c7-abf0-9c7ce37b8be1,lovingly.hot,available,52.98,58.98,high,low,8,namecheap,,,14/09/2026 19:14
fbcc879d-2341-4cf2-b8dc-3cef83c8c8d5,azactam.hot,available,51.99,51.99,medium,low,7,namesilo,,,21/09/2026 10:59
6de26147-b57f-4223-a00e-ff0d31aebf21,neolithic.hot,available,51.99,51.99,medium,low,9,namesilo,,,03/09/2026 15:25
e9df7ea7-2af3-4f7f-9df1-3811e08aa8fd,excel.hot,premium,517.7,517.7,high,low,5,spaceship,,,30/09/2026 19:22
12cd3a8c-b3d6-4831-a014-2a3d204732d2,bicuspid.hot,available,52.98,58.98,high,low,8,namecheap,,,09/08/2026 19:44
555a3c18-0c79-468e-b41a-ce81ffc53dca,then.hot,premium,1107,1107,high,low,4,namesilo,,,28/09/2026 02:27
f6e73f43-83bf-4dc6-a9e2-0da4ff591415,relinquish.hot,available,41.6,41.6,high,low,10,spaceship,,,01/10/2026 21:29
642369ce-bdef-4c63-aa57-7d6987d1c78c,facade.hot,available,51.99,51.99,high,low,6,namesilo,,,30/09/2026 09:35
00733d90-e4a4-49c2-a5bc-8a225fc26ca5,critic.hot,premium,116,116,high,low,6,namesilo,,,29/09/2026 12:01
9357d10f-32ac-4fc4-82a4-5a23d508c65c,outbreak.hot,premium,100.5,,medium,low,8,unstoppable,,,28/09/2026 15:00
dcb642d2-f7f9-45bf-a5b0-a60f9b94895f,centralia.hot,available,43.02,43.02,medium,low,9,dynadot,,,02/10/2026 10:19
f168b550-f35b-4129-a83a-9d36e3255403,phreatic.hot,available,52.98,58.98,high,medium,8,namecheap,,,08/09/2026 19:20
d33c3be7-a79f-4ca7-87bc-8ce80558d90e,anathemise.hot,available,79.99,79.99,low,low,10,name.com,,,13/08/2026 16:25
38fe25da-396a-45be-9079-64489ed3c7f1,outlaw.hot,premium,116,116,high,low,6,namesilo,,,24/09/2026 01:45
04fe7b56-617d-45e4-b296-0f1f072211ca,probes.hot,available,52.98,58.98,medium,low,6,namecheap,,,02/10/2026 13:56
59b4362a-66ba-47e5-9c2c-ce55365dacd3,backlog.hot,premium,116,116,high,low,7,namesilo,,,21/09/2026 15:41
901e93ab-5fa0-48eb-93b3-f8f4712d386b,delicious.hot,premium,125,125,high,low,9,name.com,,,24/09/2026 05:16
1af83ca9-a459-4df7-9f89-50a79226d5f5,rocklike.hot,available,52.98,58.98,medium,low,8,namecheap,,,20/08/2026 18:00
8044e75b-bd32-4f40-bb3a-cf4233c43945,cosigner.hot,available,51.99,51.99,medium,low,8,namesilo,,,13/08/2026 02:49
fd83a7ec-9deb-4f4f-8c52-24fa77e4fcdd,bastards.hot,available,51.99,51.99,medium,low,8,namesilo,,,29/09/2026 11:17
a3c60e66-1500-4dac-bd78-1c3f2607db0d,swingy.hot,available,51.99,51.99,medium,low,6,namesilo,,,23/08/2026 09:29
50110255-116f-45ea-9ea0-cc2e3c9c0c6d,mullen.hot,available,30,41.71,medium,low,6,porkbun,,,30/09/2026 03:34
038b328c-8e8c-441d-8b47-68bf9d92e33b,stop.hot,premium,1300,1300,high,low,4,namecheap,,,24/09/2026 23:23
0a9d73de-6d43-46dc-9cf8-f43b83a87191,cowardly.hot,available,51.99,51.99,medium,low,8,namesilo,,,13/08/2026 04:07
d8942f73-9c64-4d40-b484-00c51e33aa14,meditation.hot,premium,110,110,high,low,10,dynadot,,,29/09/2026 07:35
488c1777-9076-4421-947c-9938f4861936,colonia.hot,available,41.6,41.6,medium,low,7,spaceship,,,29/09/2026 21:03
9ba1c0ac-cf6a-439a-8ddf-709fce7fd9a9,arabella.hot,premium,130,130,medium,low,8,namecheap,,,01/10/2026 08:14
0ba989a0-8c71-4e79-aba4-57dfe0ca2660,sneaking.hot,available,51.99,51.99,medium,low,8,namesilo,,,29/09/2026 14:54
2ea557d3-88b2-4d04-9e2b-41ea3d52097a,hoard.hot,available,51.99,51.99,medium,low,5,namesilo,,,12/08/2026 16:57
e5b80242-56af-4bc8-bdf0-ba1372741dc5,skagit.hot,available,41.6,41.6,medium,low,6,spaceship,,,02/10/2026 16:49
b0f5e312-c42e-47dc-a2d1-7377280071ce,waker.hot,available,51.99,51.99,medium,low,5,namesilo,,,20/09/2026 08:31
5e31d7e9-81cf-4bd0-ad19-4499bf1967f6,tapes.hot,premium,650,650,medium,low,5,namecheap,,,25/09/2026 21:42
91e6dd7b-b24c-4bee-b8ae-f2652b0df784,project.hot,premium,103.7,103.7,high,medium,7,spaceship,,,01/10/2026 17:40
d48e6cd9-4e9f-4af2-88ef-a2a32e38831a,plowed.hot,available,52.98,58.98,medium,low,6,namecheap,,,08/09/2026 21:24
234c4a82-1fb4-42d5-9c01-59154eee4589,englishman.hot,available,52.98,58.98,high,low,10,namecheap,,,29/09/2026 12:12
4a482f45-3e46-4b75-89f4-1314176954a1,exothermal.hot,available,52.98,58.98,medium,low,10,namecheap,,,17/08/2026 17:47
c479ea6a-ff5e-4042-9820-aef721b3b566,tired.hot,premium,640,640,medium,low,5,namesilo,,,22/09/2026 16:41
13a99760-ab85-4063-bac2-1ff979ff6328,marx.hot,available,51.99,51.99,high,low,4,namesilo,,,20/09/2026 11:00
2202c8f4-dbc5-4f5d-8d86-dac3a2bd6101,authors.hot,premium,116,116,medium,low,7,namesilo,,,29/09/2026 23:35
7b6baf3d-87f8-4c6a-b5da-99c94f17badf,tracker.hot,premium,103.7,103.7,high,low,7,spaceship,,,30/09/2026 03:03
c437d126-c6e2-4377-9da4-97ec400f3685,softback.hot,available,51.99,51.99,medium,low,8,namesilo,,,05/09/2026 01:13
c21ba7b4-d121-4389-99ea-253ffbe485db,aranyaka.hot,available,51.99,51.99,medium,low,8,namesilo,,,20/09/2026 00:08
2dea7dc0-336d-4059-9d54-f4a73d9bbc5d,earthlike.hot,available,51.99,51.99,medium,low,9,namesilo,,,14/08/2026 22:40
0b9b1699-af96-4479-9dc9-93a764deabfa,chatterer.hot,available,51.99,51.99,high,low,9,namesilo,,,21/09/2026 12:24
943ba9cb-d77f-4e59-8e3f-14c921590458,oven.hot,premium,1035.2,1035.2,high,low,4,spaceship,,,28/09/2026 06:32
f1b37128-fe91-427d-b611-47843602c10b,alizarine.hot,available,51.99,51.99,medium,low,9,namesilo,,,18/09/2026 08:13
37701ed9-d995-4477-b0fc-5b1c7f7b4af8,fidgety.hot,available,51.99,51.99,medium,low,7,namesilo,,,05/08/2026 20:32
625c45ad-0fe6-4ea0-aaa1-4a5f17581733,swallow.hot,available,52.98,58.98,high,low,7,namecheap,,,29/09/2026 13:39
967ae3b6-3749-4177-93d2-6017ca73d155,marlowe.hot,premium,116,116,medium,low,7,namesilo,,,28/09/2026 18:43
7ad119ed-075f-4eda-8e2a-86131f48e083,acrilan.hot,available,51.99,51.99,medium,low,7,namesilo,,,17/09/2026 03:06
92dea8d7-5793-47c6-8055-54161309e733,title.hot,premium,640,640,high,low,5,namesilo,,,02/10/2026 13:09
e2deb36c-009a-4855-838e-7dd2581c3121,soaring.hot,available,51.99,51.99,high,medium,7,namesilo,,,10/09/2026 12:58
9b3da728-b5b4-4f10-94fb-b51b9783b3b1,dermic.hot,available,51.99,51.99,medium,low,6,namesilo,,,14/08/2026 03:09
1b5ac754-6da0-446e-9ea8-f064f352754e,makings.hot,available,51.99,51.99,high,low,7,namesilo,,,20/09/2026 04:27
0663c30b-1dcd-4759-91b3-bff6b168c755,lentic.hot,available,51.99,51.99,medium,low,6,namesilo,,,22/08/2026 23:50
bdc799fd-e522-40fd-9587-ac72a32ad184,reasoning.hot,premium,116,116,high,low,9,namesilo,,,09/09/2026 11:10
7579b96b-b373-4c28-8fb1-a0519405aaf5,forms.hot,premium,640,640,high,low,5,namesilo,,,17/09/2026 09:39
392bd2c7-4787-4ac0-979c-a31da9d308fc,advertisements.hot,premium,125,,medium,low,14,name.com,,,
6aee4a6b-efa9-4eb0-9eb8-2fbd09485403,cyclopean.hot,available,79.99,79.99,medium,low,9,name.com,,,13/08/2026 13:51
59c74e71-3114-4827-9987-412f671e7ea5,ability.hot,premium,103.7,103.7,high,low,7,spaceship,,,28/09/2026 17:03
34907305-69ca-4d89-b188-3d316318bedc,welkin.hot,available,52.98,58.98,medium,low,6,namecheap,,,16/08/2026 21:01
0e07b88e-42e2-4af7-b57f-96b1e59fec76,albuterol.hot,available,51.99,51.99,medium,low,9,namesilo,,,18/09/2026 03:32
a607ac67-fd54-4d53-bfc5-e789c903f901,fundraiser.hot,available,51.99,51.99,high,low,10,namesilo,,,30/09/2026 17:25
6766f5f0-3eaa-4211-8371-03fd7e377cfd,stickers.hot,premium,103.7,103.7,high,low,8,spaceship,,,30/09/2026 07:47
ee503193-28b4-45e6-9048-40d3b66fbefc,warhead.hot,available,43.02,43.02,medium,low,7,dynadot,,,30/09/2026 18:18
fcba8539-bce7-4811-a07f-dbefb4554f66,chadwick.hot,premium,116,116,medium,low,8,namesilo,,,28/09/2026 08:16
4c50e1fe-35a2-4dcb-acec-089eecb1c748,droll.hot,available,51.99,51.99,high,low,5,namesilo,,,14/08/2026 19:39
73beda5c-b3b5-4de3-b419-aadb61aa842d,mobility.hot,premium,103.7,103.7,high,low,8,spaceship,,,29/09/2026 19:41
c5d64564-6294-4316-bfd3-494032928d97,summertime.hot,premium,103.7,103.7,high,low,11,spaceship,,,02/10/2026 16:53
63c61acd-aa64-47c0-82e0-fe6fff73372b,mellow.hot,available,52.98,58.98,high,low,6,namecheap,,,22/08/2026 18:52
e929ca0f-3f9a-4fc6-a3d1-14790636458b,methane.hot,available,53,,high,low,7,unstoppable,,,29/09/2026 13:25
6c643739-2cf5-4af4-ba0c-08973856782f,secondly.hot,available,41.6,41.6,medium,low,8,spaceship,,,27/09/2026 19:26
138e616a-928b-4c79-b574-021b49352b6b,popping.hot,available,53,,high,low,7,unstoppable,,,30/09/2026 02:36
db93f125-3eac-473f-8de6-ab8384c71de9,ardeb.hot,available,51.99,51.99,medium,low,5,namesilo,,,20/09/2026 03:06
e180103c-89d0-46ab-b856-58954c808807,canned.hot,available,51.99,51.99,high,low,6,namesilo,,,11/08/2026 17:10
37f5cff9-4bf3-4cad-a19b-75d9090255e7,keyhole.hot,premium,130,130,high,low,7,namecheap,,,03/10/2026 01:24
d66d66f4-0e6e-4ae7-962f-2223cf201689,satellites.hot,available,51.99,51.99,medium,low,10,namesilo,,,
5d7bd825-acaa-43f8-8c4f-4f663f81bdc1,uncommon.hot,available,51.99,51.99,high,low,8,namesilo,,,12/09/2026 05:57
aeb493f9-d9d3-43ce-9db8-bb5593d8111c,reflections.hot,premium,116,116,medium,low,11,namesilo,,,18/09/2026 07:20
fdb6c388-33a7-4f3e-9aa7-5b554416f41b,armillary.hot,available,51.99,51.99,medium,low,9,namesilo,,,06/08/2026 19:44
2d3ad7b6-9f78-41d5-861f-03a4ab79c5ef,antennae.hot,available,53,,medium,low,8,unstoppable,,,02/10/2026 21:36
784d2469-4899-4c48-baf4-5e049131afa7,coalescing.hot,available,51.99,51.99,medium,low,10,namesilo,,,12/08/2026 13:53
86999ecf-62b2-4e2e-baf7-a4cdb6543c5f,sees.hot,premium,1250,1250,medium,low,4,name.com,,,
485296c9-e6a2-466e-b876-cc94312f7278,fascinating.hot,premium,109.69,109.69,high,low,11,porkbun,,,01/10/2026 21:34
eef2f4d6-9b5f-4cf1-b098-51e80e336180,architects.hot,premium,130,130,medium,low,10,namecheap,,,30/09/2026 07:29
d4117e15-ac4f-4c5c-af80-88c92b329cdf,gnome.hot,premium,517.7,517.7,high,low,5,spaceship,,,03/10/2026 00:59
67d681b8-d53e-4d5f-8710-5f43f530a059,abi.hot,premium,1000.5,,high,low,3,unstoppable,,,29/09/2026 03:38
65b15f42-ce98-4faa-b6c8-b032593a8d73,nist.hot,available,41.6,41.6,high,low,4,spaceship,,,29/09/2026 19:44
9c9eb3c2-7066-4600-a8eb-e4ab5cf8359b,aloe.hot,available,51.99,51.99,high,low,4,namesilo,,,18/09/2026 12:59
24b22a37-7047-48b5-aa9b-d7bdce4d57a4,ferned.hot,available,51.99,51.99,medium,low,6,namesilo,,,18/08/2026 01:58
dcce36c0-6349-4c47-802f-ba72398f13ee,seljuk.hot,available,51.99,51.99,medium,low,6,namesilo,,,10/09/2026 02:15
907fcab7-7412-45ea-a68c-71147b5e3309,specializing.hot,premium,116,116,medium,low,12,namesilo,,,20/09/2026 06:01
aef7bcec-e405-42f7-b2d4-afada49ceb33,tre.hot,premium,1000.5,,high,low,3,unstoppable,,,29/09/2026 02:48
4452ef8a-222e-47b7-bab6-e50eeae1ea9a,martindale.hot,available,43.02,43.02,high,low,10,dynadot,,,02/10/2026 08:01
b842264f-eed3-4cc3-8333-4c6b4e367014,riverview.hot,available,41.71,41.71,high,low,9,porkbun,,,02/10/2026 10:58
4384cb6b-b996-41cf-866c-9f982a19103d,peregrine.hot,available,51.99,51.99,medium,low,9,namesilo,,,25/08/2026 02:20
210f86b7-22a4-46d3-8f60-2e3d5bc20d46,irene.hot,premium,110,110,medium,low,5,dynadot,,,28/09/2026 21:21
3827ecef-f137-41c6-b318-471aeadb8997,bloods.hot,available,51.99,51.99,medium,low,9,namesilo,,,10/08/2026 15:21
cfe9a676-297f-46b6-829d-40aff6d97dc7,planetary.hot,available,51.99,51.99,high,medium,9,namesilo,,,20/08/2026 14:33
b5cb15ae-e89f-454b-b9f5-96cfee43d741,poe.hot,premium,1035.2,1035.2,high,low,3,spaceship,,,28/09/2026 19:01
44e83504-9c52-42ec-aafb-5c7bda559eec,waldorf.hot,available,41.6,41.6,high,low,7,spaceship,,,03/10/2026 03:27
46858106-ecdc-40ac-ad3a-b71344b4af10,kicker.hot,available,41.6,41.6,high,low,6,spaceship,,,30/09/2026 17:48
cb7d19b0-377d-4e21-a0bc-6ba32086faf9,gushing.hot,available,51.99,51.99,high,low,7,namesilo,,,11/08/2026 10:18
16f4c3fa-8e81-4fde-a7be-8754ecc1da8a,abbey.hot,premium,116,116,high,low,5,namesilo,,,16/09/2026 14:25
0cc2a250-9ec1-4445-9ef2-f037734c8a05,carpentry.hot,available,51.99,51.99,high,low,9,namesilo,,,02/10/2026 14:35
5003af8d-dbc1-4f6b-b43e-a2e349d3cfd9,aftermath.hot,available,51.99,51.99,high,low,9,namesilo,,,17/09/2026 15:43
8ba814ff-0885-4191-9e8a-744fd5f52803,generate.hot,premium,103.7,103.7,high,low,8,spaceship,,,28/09/2026 19:12
01703baa-be17-4d57-8372-642e58649186,puffed.hot,available,51.99,51.99,high,low,6,namesilo,,,09/09/2026 05:37
7bc3f95a-94ac-47b7-a7a4-65799a1accb6,vertical.hot,premium,116,116,high,low,8,namesilo,,,24/09/2026 14:52
1c1a26d7-546c-453e-860c-f2f7c23bb87e,stainless.hot,premium,130,130,high,low,9,namecheap,,,10/09/2026 18:15
c8101768-f206-46fa-a76b-c4142f036ad4,intestine.hot,available,41.6,41.6,medium,low,9,spaceship,,,29/09/2026 18:03
2277cd50-bae8-4c51-a206-fbe815370fb7,kerouac.hot,available,41.6,41.6,medium,low,7,spaceship,,,02/10/2026 15:49
3899562b-45c8-4ec9-b832-3694e05487f1,riddles.hot,available,43.02,43.02,high,low,7,dynadot,,,02/10/2026 19:06
7db444a4-aaa2-4794-b75f-f4d2fdfa11fc,infield.hot,available,51.99,51.99,high,low,7,namesilo,,,22/09/2026 10:07
8fe708ec-1abf-4e1b-98cd-f316c630b84a,anemic.hot,available,51.99,51.99,medium,low,6,namesilo,,,
e9062286-9bc4-4a8f-bab9-9470941660c3,collectives.hot,available,52.98,58.98,medium,low,11,namecheap,,,02/10/2026 02:49
c2653fed-239d-4ef4-ac45-784b43080ddd,sliding.hot,available,51.99,51.99,high,low,7,namesilo,,,27/09/2026 22:47
4fd33918-14c4-4469-8e92-aa0f2c059ac7,glasses.hot,premium,1035.2,1035.2,high,low,7,spaceship,,,29/09/2026 18:45
d395d90b-44f4-4baa-879d-78dbfa2f77df,johnston.hot,premium,116,116,high,low,8,namesilo,,,25/09/2026 07:53
706d3bde-c674-44cb-80c0-69b87d773153,impeding.hot,available,51.99,51.99,medium,low,8,namesilo,,,12/08/2026 11:44
79f9f603-7dee-4ab2-8829-bf7795a4c7a6,colorize.hot,available,51.99,51.99,medium,low,8,namesilo,,,12/08/2026 17:34
38ce7bab-da8f-4932-b3b8-03e9bf3b23ec,twisting.hot,available,51.99,51.99,high,low,8,namesilo,,,11/09/2026 21:52
b8b9ae0d-6f59-470c-acce-efbe5878d9a6,coax.hot,available,52.98,58.98,high,low,4,namecheap,,,24/09/2026 04:12
e3bfbd2b-4a04-4fbd-927b-24c4ee142593,pelvis.hot,available,41.6,41.6,high,low,6,spaceship,,,29/09/2026 19:56
14dfc5e0-1135-4f68-a706-3b34d64d218b,hardbound.hot,available,51.99,51.99,medium,low,9,namesilo,,,21/08/2026 00:42
1fd43401-b60b-47d3-a8b1-7008016597c0,com.hot,premium,3450,3450,high,high,3,namesilo,,,02/10/2026 07:01
fb4d6e6d-e564-4bfb-b0b3-75194dec27f7,blossom.hot,available,52.98,58.98,high,low,7,namecheap,,,24/09/2026 20:31
bb3ed364-b4c7-4a42-aeb8-ecad717dd972,scan.hot,premium,1107,1107,high,medium,4,namesilo,,,29/09/2026 07:40
6741a10a-adf3-49cc-a0fc-10917b6fad96,cloze.hot,available,51.99,51.99,medium,low,5,namesilo,,,12/08/2026 12:54
06248dc8-4bac-474b-83fd-070b2d77e2d6,cxx.hot,premium,1250,1250,high,low,3,name.com,,,
75cb0ef9-b9a9-46d3-b637-7789559868f5,kinglike.hot,available,51.99,51.99,medium,low,8,namesilo,,,22/08/2026 16:19
07c9fb21-9444-44f5-ade9-5cabd923e9c3,rein.hot,available,52.98,58.98,high,low,4,namecheap,,,30/09/2026 09:27
4180a79b-f083-4df8-90d3-91ffe3f89dae,aqueous.hot,available,51.99,51.99,medium,low,7,namesilo,,,06/08/2026 10:50
28d14722-57ff-48ce-9882-3d00bb9b4a21,inflexibly.hot,available,51.99,51.99,medium,low,10,namesilo,,,15/09/2026 08:16
5150e3f7-3184-43bd-a280-3bf23c1cc316,darlington.hot,available,51.99,51.99,high,low,10,namesilo,,,27/09/2026 06:24
4104a637-ea87-489e-9e90-d11e5e1df51b,ecstatic.hot,available,51.99,51.99,high,low,8,namesilo,,,14/08/2026 23:44
e31d0564-afa7-48c5-a87d-968a1c962531,archdeacon.hot,available,52.98,58.98,medium,low,10,namecheap,,,20/09/2026 01:53
9975e5c9-ee75-4c46-b096-4810a9bdde77,locking.hot,premium,116,116,medium,low,7,namesilo,,,28/09/2026 06:12
740072a8-038b-4b92-b8fc-8849ad4a7e96,aquifer.hot,available,51.99,51.99,medium,low,7,namesilo,,,19/09/2026 23:11
4646c19d-8f5e-4707-ba04-338fa8705c19,desolation.hot,available,79.99,79.99,medium,low,10,name.com,,,22/09/2026 05:24
6d581c34-4499-4940-a14b-0a25260b5b04,bid.hot,premium,2587.7,2587.7,high,low,3,spaceship,,,29/09/2026 02:29
8b8ac00d-231a-4a62-af92-6e384f011588,newcomer.hot,premium,116,116,high,low,8,namesilo,,,18/08/2026 07:31
7734debd-4d55-460a-87f7-b99159e5ba2c,shines.hot,available,51.99,51.99,medium,low,6,namesilo,,,29/09/2026 17:16
c2842c8f-3fb7-4d45-b49a-e020d0b4e999,castle.hot,premium,116,116,high,low,6,namesilo,,,25/09/2026 04:06
aa7f70d4-c0e1-4b87-8836-b89e26af1d84,virtually.hot,premium,130,130,high,low,9,namecheap,,,28/09/2026 11:56
548e41bb-ee90-47a9-824a-4d2df72e815e,terbium.hot,available,51.99,51.99,medium,low,7,namesilo,,,20/09/2026 23:28
390036c0-6232-4d4d-9147-9ff2110388ef,pallor.hot,available,52.98,58.98,medium,low,6,namecheap,,,17/09/2026 01:07
ec01afff-d17c-40df-a6eb-3dd47ec86053,indexical.hot,available,51.99,51.99,medium,low,9,namesilo,,,22/08/2026 02:53
26c522e3-37ce-4d3b-a67d-77e6fbdbf200,devotedly.hot,available,51.99,51.99,medium,low,9,namesilo,,,14/09/2026 12:28
dfcf8b23-5b8a-43e6-a93b-4eb5e705f60c,hiroshima.hot,premium,103.7,103.7,high,low,9,spaceship,,,30/09/2026 10:08
254d01ed-942d-4b2e-8a67-aa01cfa584cf,notorious.hot,available,52.98,58.98,high,low,9,namecheap,,,21/08/2026 19:05
719ecf62-c38e-4827-a330-0a63807a1300,syracuse.hot,premium,109.69,109.69,high,low,8,porkbun,,,29/09/2026 20:20
e7e1f2a4-b17c-44db-b29d-1ff5f8a34831,veterinarian.hot,available,51.99,51.99,high,low,12,namesilo,,,01/10/2026 04:51
b209fbf2-849a-429c-a371-f9621807dbf5,jinnah.hot,available,53,,medium,low,6,unstoppable,,,02/10/2026 15:52
e0a2d32a-a23e-42c3-9498-11022b4825f2,roughneck.hot,premium,116,116,medium,low,9,namesilo,,,11/08/2026 08:43
04c5b3e6-3a5c-4203-957e-b53d13b8cc00,astrantia.hot,available,51.99,51.99,medium,low,9,namesilo,,,20/09/2026 17:32
59b0151a-5035-4006-9f16-25f4b45ce03d,arran.hot,available,53,,medium,low,5,unstoppable,,,01/10/2026 23:18
536d2910-c9e9-45bc-b66c-110c223487c1,friendless.hot,available,51.99,51.99,medium,low,10,namesilo,,,18/08/2026 15:33
04e00a45-d4c3-4327-a300-cc81e4f30eea,coach.hot,premium,640,640,high,medium,5,namesilo,,,28/09/2026 23:29
8d106871-6291-464c-a76d-506813fa2ba2,proved.hot,premium,130,130,high,low,6,namecheap,,,27/09/2026 07:48
cc47403b-8432-4154-9052-b9256f8b411d,psychiatric.hot,available,51.99,51.99,medium,low,11,namesilo,,,28/09/2026 15:58
cafd8ac6-72f9-4888-a043-cf47a60c611a,ontario.hot,premium,110,110,high,low,7,dynadot,,,30/09/2026 17:50
ab952af4-e7e6-4b9a-bcc7-1f0768d4de3f,britten.hot,available,51.99,51.99,medium,low,7,namesilo,,,23/09/2026 08:15
159e9e63-de9c-4e87-a6a5-7d7ef8ce9c7b,starter.hot,premium,130,130,high,low,7,namecheap,,,24/09/2026 19:47
bd40cb1d-4f20-4dab-bfe1-badd77d6b5d7,blackout.hot,premium,130,130,high,low,8,namecheap,,,02/10/2026 21:11
51515a64-5be3-4dca-9ede-ff4f6fb3a271,restaurant.hot,premium,116,116,high,low,10,namesilo,,,29/09/2026 08:14
476b7345-08d8-45ca-8656-4922f1169b4a,stance.hot,available,41.6,41.6,high,low,6,spaceship,,,28/09/2026 20:34
0e50fd1a-7cac-4c1c-b75c-c510449c299a,acknowledge.hot,premium,116,116,high,low,11,namesilo,,,01/10/2026 00:33
b601f662-a969-474d-82d5-d9456de335d6,jocular.hot,available,51.99,51.99,high,low,7,namesilo,,,22/08/2026 12:57
c1ec3f69-e73a-49a3-9aa9-e5d8e0790832,dismissal.hot,available,52.98,58.98,high,low,9,namecheap,,,29/09/2026 15:57
746a30e4-471b-463c-95cf-3ac19f3860b6,sceptical.hot,available,51.99,51.99,medium,low,9,namesilo,,,14/08/2026 09:36
97564387-4e9e-4a63-8630-c7830652448e,file.hot,premium,1300,1300,high,medium,4,namecheap,,,24/09/2026 21:00
27a0a208-4422-47ae-9e7b-e782d4982f50,clawed.hot,available,51.99,51.99,medium,low,6,namesilo,,,12/08/2026 10:02
00582aee-3b48-4c17-adae-7fbc912241a1,describe.hot,premium,116,116,high,low,8,namesilo,,,25/09/2026 12:37
e58d839c-45b2-414a-b274-5137d04444a5,larson.hot,available,51.99,51.99,medium,low,6,namesilo,,,27/09/2026 01:48
b1a01f6a-0eec-45d9-9883-269d82c598a3,neurosurgery.hot,available,51.99,51.99,high,low,12,namesilo,,,02/10/2026 02:09
52c87ecc-d887-493f-ac6f-3cee8a55dc3b,that.hot,premium,1035.2,1035.2,high,medium,4,spaceship,,,30/09/2026 22:10
653ff07c-6be5-4ce0-b69a-e6c4d2d0875d,snapshot.hot,premium,1300,1300,high,low,8,namecheap,,,02/10/2026 06:26
78cc2679-a1ff-4537-8d83-d8490eaa1c3e,chivalrous.hot,available,51.99,51.99,high,low,10,namesilo,,,12/08/2026 06:14
ca26e83e-5e20-49e2-958d-bcfa1199297e,possessive.hot,available,51.99,51.99,medium,low,10,namesilo,,,18/08/2026 21:44
c55adb6d-7080-4cb7-bbbe-543ab9d82595,textbooks.hot,premium,103.7,103.7,medium,low,9,spaceship,,,30/09/2026 16:14
660f0031-f0a2-43bf-8226-186589497d15,upscale.hot,premium,116,116,high,low,7,namesilo,,,12/09/2026 23:19
704dd2ce-8c60-487e-8467-3bd8bfb86fcb,winterthur.hot,available,51.99,51.99,high,low,10,namesilo,,,02/10/2026 09:54
f9d5e0e7-dc18-47b2-92e0-e9364bc58478,convenient.hot,premium,116,116,high,low,10,namesilo,,,23/09/2026 15:48
f7256644-8bb2-49e1-a883-9e0f88151f80,spoke.hot,premium,640,640,high,low,5,namesilo,,,25/09/2026 10:31
9a633faa-bcff-4530-b7fc-783e1dcf2eb7,afferent.hot,available,51.99,51.99,high,low,8,namesilo,,,
2badc9bf-41cc-4500-95bd-0fe63b14c35f,unsalted.hot,available,51.99,51.99,medium,low,8,namesilo,,,12/09/2026 18:45
059c209b-02fc-48ef-bb5d-119394cae0fc,ariadne.hot,premium,116,116,high,low,7,namesilo,,,20/09/2026 05:09
f654dc86-6fef-4097-b45d-fa845141f204,disillusioned.hot,available,43.02,43.02,medium,low,13,dynadot,,,02/10/2026 07:38
ff267983-6ae9-43f3-8583-4a0305058c37,stooping.hot,available,51.99,51.99,medium,low,8,namesilo,,,21/08/2026 15:34
d50ec3f8-dfa9-45bf-b15d-c9b619346e4b,complimentary.hot,premium,130,130,medium,low,13,namecheap,,,30/09/2026 04:02
0d7d7415-bac4-43db-8935-e5c528b8b1f5,fourthly.hot,available,51.99,51.99,medium,low,8,namesilo,,,18/08/2026 13:50
760517ee-e100-4a7f-9efc-927d3fe8e501,ive.hot,premium,1107,1107,high,low,3,namesilo,,,02/10/2026 04:17
3ce738ef-6143-4deb-af15-cc49adc57c8b,pantie.hot,available,51.99,51.99,high,low,6,namesilo,,,09/09/2026 22:40
8f9e24d1-59c8-4751-9709-b114b0ac03ed,lyndon.hot,premium,116,116,medium,low,6,namesilo,,,25/09/2026 16:09
924a6604-0adc-4fda-944d-b9ace4af9394,badge.hot,premium,640,640,high,low,5,namesilo,,,19/09/2026 15:56
cbf4f0d2-5e0e-4ccd-acda-85096c75d347,isfahan.hot,premium,116,116,medium,low,7,namesilo,,,20/09/2026 14:32
d5196bc0-2beb-43ef-ae30-54ca01265047,crippled.hot,available,51.99,51.99,medium,low,8,namesilo,,,13/08/2026 07:00
1c45f629-08bd-4efc-ba81-07ae39bade44,plaguy.hot,available,51.99,51.99,medium,low,6,namesilo,,,
6414ecf2-66d3-4325-95d8-e450f0712dd7,wrongful.hot,available,41.6,41.6,medium,low,8,spaceship,,,28/09/2026 11:11
73354c56-9378-4b6f-a468-903551e22a3a,moreton.hot,premium,116,116,medium,low,7,namesilo,,,30/09/2026 12:45
006b2c44-b394-4b00-9a54-667eed1aac16,oxidize.hot,available,41.6,41.6,high,low,7,spaceship,,,02/10/2026 06:45
a99880fc-5812-4e7c-b4a1-aed2cab6015d,intrepidly.hot,available,51.99,51.99,medium,low,10,namesilo,,,14/09/2026 10:53
7f5b9123-9098-441f-b3ed-eb169417b5bd,baseball.hot,premium,640,640,high,low,8,namesilo,,,02/10/2026 01:29
325433fa-03b6-4208-8b78-1ff65bd54186,resolve.hot,premium,116,116,high,low,7,namesilo,,,28/09/2026 01:54
815ee624-ca3b-4066-87d5-e8f69e73e35e,ramjet.hot,available,51.99,51.99,medium,low,6,namesilo,,,20/09/2026 20:48
b14bfd50-f2b5-4094-810d-9c162c7096db,pitchers.hot,available,41.71,41.71,medium,low,8,porkbun,,,02/10/2026 13:59
0b02d22f-80d5-45ab-8aa4-1b5503f4137a,spoken.hot,premium,103.7,103.7,high,low,6,spaceship,,,28/09/2026 00:14
db5a17f9-7fcc-4fa7-9d60-e11d3dd40864,disunite.hot,available,51.99,51.99,medium,low,8,namesilo,,,14/08/2026 11:14
634b155c-823c-4543-aa53-efb27ac532ab,cdna.hot,premium,1107,1107,medium,low,4,namesilo,,,30/09/2026 09:00
fb53818c-7df6-4b2f-b910-aa00b46152c8,maroon.hot,available,51.99,51.99,high,low,6,namesilo,,,11/08/2026 06:33
60fa6fbb-06ca-4f7e-bf03-0c0aa2a87380,hymn.hot,available,41.6,41.6,high,low,4,spaceship,,,29/09/2026 01:20
1250325c-1b44-4ad4-836e-2593278a5db6,aqaba.hot,available,51.99,51.99,medium,low,5,namesilo,,,17/09/2026 23:49
5b07e5f9-4fec-4acb-9149-cad1e80bd428,hee.hot,premium,1035.2,1035.2,high,low,3,spaceship,,,29/09/2026 21:26
12b42d62-9291-420f-8609-4d8b98ff37b5,patronize.hot,available,51.99,51.99,high,low,9,namesilo,,,18/08/2026 15:08
0c5a35d6-20a8-4b68-9703-02b24a3af11d,hustle.hot,available,52.98,58.98,high,low,6,namecheap,,,17/09/2026 09:12
3f8a7bc4-3c34-47c7-a2b3-fd7738d10a70,unlettered.hot,available,51.99,51.99,medium,low,10,namesilo,,,21/08/2026 18:33
15979c95-95a4-46b1-b191-d8d3110b0a11,frisch.hot,available,41.6,41.6,high,low,6,spaceship,,,01/10/2026 19:40
e8092a7d-d51e-47f4-8f6d-a827a6077389,ship.hot,premium,1100,1100,high,medium,4,dynadot,,,30/09/2026 11:08
6f98f968-0bc8-4351-b3b5-4a780c1e2090,gpu.hot,premium,1107,1107,high,medium,3,namesilo,,,30/09/2026 19:48
20cc1419-49d6-42ee-9b8a-0d9c7724c1c0,identifying.hot,premium,116,116,high,low,11,namesilo,,,29/09/2026 08:55
895a6b42-f3b3-4090-b27a-d9c0f2b1b4f0,anal.hot,premium,1107,1107,high,low,4,namesilo,,,
e47e8159-e9d6-4e45-a155-9be715b5bf80,sleety.hot,available,51.99,51.99,medium,low,6,namesilo,,,10/09/2026 10:41
939b6384-1f77-4cf2-899f-5e1e7a7bc7a2,sordid.hot,available,51.99,51.99,medium,low,6,namesilo,,,10/09/2026 14:29
e68daa7a-e58a-47f4-9afc-7273bcf3006b,vigilance.hot,available,51.99,51.99,high,low,9,namesilo,,,18/09/2026 05:28
79533b47-2354-4eca-92c9-47bf26a9bffe,napa.hot,premium,103.7,103.7,high,low,4,spaceship,,,01/10/2026 18:48
0e299d75-e923-4086-9e90-98218162cc62,inca.hot,available,51.99,51.99,high,low,4,namesilo,,,22/08/2026 00:46
350311bb-e95f-4265-a8e5-bf8327b811b9,lille.hot,available,51.99,51.99,high,low,5,namesilo,,,28/09/2026 06:10
b3aa7702-5f7c-446f-8525-6c8314b743d3,eps.hot,premium,1035.2,1035.2,high,low,3,spaceship,,,27/09/2026 19:02
ca84289f-5334-4c16-9acb-32e4dac7dd1c,rose.hot,premium,1300,1300,high,medium,4,namecheap,,,27/09/2026 16:23
1e78ec8b-3c87-4e9d-bf14-0f20f0ab5419,cadenced.hot,available,51.99,51.99,medium,low,8,namesilo,,,11/08/2026 12:46
9367ba4c-fcd9-40f9-9aea-d041bb1520b5,alauda.hot,available,51.99,51.99,high,low,6,namesilo,,,18/09/2026 02:15
0e9016e9-161f-4b79-9799-85d49d98005f,avidity.hot,available,51.99,51.99,high,low,7,namesilo,,,21/09/2026 09:28
0d4dfd83-2df0-4cbb-bb89-3f59c6999a60,dishes.hot,premium,116,116,medium,low,6,namesilo,,,27/09/2026 02:34
f3de51ed-8530-4378-955c-bb4bc1bbc27b,woolf.hot,available,51.99,51.99,medium,low,5,namesilo,,,17/09/2026 07:19
513b239b-d52b-4746-ab13-34d50512802c,crowning.hot,available,51.99,51.99,high,low,8,namesilo,,,01/10/2026 22:58
33e8a0f3-986c-49b4-b0e7-e125dc7be56b,reinforced.hot,available,51.99,51.99,high,low,10,namesilo,,,23/09/2026 10:25
b2332183-e7b2-485c-91a8-dc5987a9afce,comune.hot,available,51.99,51.99,high,low,6,namesilo,,,01/10/2026 17:02
11bca67f-3a38-422e-b75a-14e6ed58ecf1,leading.hot,premium,110,110,high,low,7,dynadot,,,02/10/2026 07:26
7fe638f7-507c-4081-884c-bdaef956a7a4,aardvark.hot,premium,116,116,high,low,8,namesilo,,,16/09/2026 13:21
931e3389-ac3d-4af9-b68e-a3de470871ac,angelique.hot,premium,116,116,high,low,9,namesilo,,,19/09/2026 05:58
add17fa7-d060-48d7-99b4-289adde879ab,ambition.hot,available,51.99,51.99,high,low,8,namesilo,,,18/09/2026 16:53
14398f44-7f02-4134-b1a9-636e385490ff,charivari.hot,available,51.99,51.99,medium,low,9,namesilo,,,23/09/2026 06:08
93af7897-0455-42c4-b7d3-b698b1da2f98,cortical.hot,available,51.99,51.99,medium,low,8,namesilo,,,13/08/2026 02:35
6b85f9ee-4dd6-43b2-b757-05806e168d9b,bmt.hot,premium,1035.2,1035.2,high,low,3,spaceship,,,30/09/2026 20:59
b918d01d-9f93-4d1d-bd1d-9a173a20b5dd,slovenly.hot,available,51.99,51.99,medium,low,8,namesilo,,,18/08/2026 16:55
e74600ee-66a3-4dac-a6df-363a6ba0708f,aguacate.hot,available,51.99,51.99,medium,low,8,namesilo,,,07/08/2026 23:46
3618b287-07ef-4a54-b509-6acc56410f6a,squarely.hot,available,51.99,51.99,medium,low,8,namesilo,,,18/08/2026 12:39
879c7553-cbeb-4aba-b66b-1bc289075983,nascent.hot,available,51.99,51.99,high,low,7,namesilo,,,03/09/2026 13:35
5076a3d2-b567-4e94-8c4f-f81742fc7db3,casey.hot,premium,650,650,high,low,5,namecheap,,,25/09/2026 18:12
fc9a6634-95e5-4402-a0a9-ae04b3ccd4a3,killed.hot,premium,116,116,medium,low,6,namesilo,,,17/09/2026 12:17
bd8dbc8f-ff1a-4161-9e95-fb9764dd0b81,ely.hot,premium,1107,1107,high,low,3,namesilo,,,25/09/2026 16:10
b4b568b1-7efd-4454-90b0-ff0a7c5660c7,notebooks.hot,premium,116,116,medium,low,9,namesilo,,,20/09/2026 11:51
d6cd98c2-3162-432d-9ebd-4e78728e7437,apache.hot,premium,116,116,high,low,6,namesilo,,,19/09/2026 16:09
7de1d638-5b6f-4715-a600-58f6456525f1,homoerotic.hot,available,51.99,51.99,medium,low,10,namesilo,,,21/08/2026 12:51
41c8a7d8-c3f0-46d7-8cf9-c393f01e75f6,statehood.hot,available,58.98,,high,low,9,namecheap,,,
2fce1540-de22-4ab4-90c4-ef8146253505,trained.hot,premium,103.7,103.7,high,low,7,spaceship,,,28/09/2026 09:30
9548f045-89aa-4114-a634-ee9c888d5749,adoption.hot,premium,125,125,high,low,8,name.com,,,17/09/2026 09:43
aa10b795-d596-42cc-8416-3226896674ed,defining.hot,premium,116,116,high,low,8,namesilo,,,10/09/2026 06:00
40041f54-bd3d-4a2c-b02e-cafd48f97637,cocker.hot,available,51.99,51.99,medium,low,6,namesilo,,,21/09/2026 13:01
83f94ca9-1fe7-4dc7-9f9b-5ecdb5e7985e,polio.hot,available,51.99,51.99,medium,low,5,namesilo,,,17/09/2026 05:40
59d56f38-6003-45a6-bb71-91ce425308d4,inglis.hot,available,41.6,41.6,medium,low,6,spaceship,,,29/09/2026 14:51
9b139e3f-aef8-4173-8c20-9d52d8e5baeb,milch.hot,available,51.99,51.99,medium,low,5,namesilo,,,24/08/2026 22:55
6261df6e-b380-43a3-aa30-faeee5915e41,kassel.hot,available,51.99,51.99,high,low,6,namesilo,,,29/09/2026 22:13
97dc90be-107a-4696-a7f7-b7ed5479f423,jon.hot,premium,3450,3450,high,low,3,namesilo,,,25/09/2026 14:02
9a9f82f7-5e68-4702-8057-f884cc6d6e9e,bonaparte.hot,available,51.99,51.99,medium,low,9,namesilo,,,25/09/2026 00:27
ff65c928-3cac-4cf8-9915-c6a510730e57,interns.hot,available,51.99,51.99,medium,low,7,namesilo,,,02/10/2026 03:28
9d5a09d4-dd3e-4ec7-a786-2a041960f9c7,patti.hot,available,51.99,51.99,medium,low,5,namesilo,,,28/09/2026 12:07
2fe030eb-d571-4b82-af75-85c6dc41639e,elongated.hot,available,51.99,51.99,medium,low,9,namesilo,,,16/08/2026 05:26
10d7a6f5-ef37-401d-9d2c-7ba4906edd4d,mar.hot,premium,3250,3250,high,low,3,namecheap,,,24/09/2026 05:35
9118e7a8-84fb-4c2e-83af-dae4f68feb04,symbolic.hot,available,51.99,51.99,high,low,8,namesilo,,,16/08/2026 09:31
10a6b8db-61ab-41cb-a59e-24623ea8ca0e,xci.hot,premium,1250,1250,medium,low,3,name.com,,,
226de94a-ae05-481d-a09e-4ffabbc03de6,recognizes.hot,available,51.99,51.99,medium,low,10,namesilo,,,29/09/2026 11:34
b7bd5e4b-afc8-4544-bd40-5db092857e4c,details.hot,premium,116,116,high,low,7,namesilo,,,29/09/2026 14:12
34816a27-2603-4dda-afe7-b442be79f33e,upriver.hot,available,51.99,51.99,medium,low,7,namesilo,,,12/09/2026 23:26
b9a8e30d-db06-4b71-b381-cd2f12e4e2d7,vologda.hot,available,41.6,41.6,medium,low,7,spaceship,,,30/09/2026 21:26
572a9fdf-e44e-4125-8d1a-8ca7c4d66c54,innately.hot,available,51.99,51.99,medium,low,8,namesilo,,,15/09/2026 08:27
27260b73-9cb2-4858-9d5c-adfbe2c341b0,protozoan.hot,available,51.99,51.99,medium,low,9,namesilo,,,09/09/2026 04:12
e584a65d-58c8-44a2-b41e-dd76b826197b,shareholder.hot,available,52.98,58.98,high,low,11,namecheap,,,30/09/2026 03:52
2c7dd5f0-90dd-43c8-8d87-2748d3f802dc,titled.hot,premium,116,116,high,low,6,namesilo,,,13/08/2026 01:50
5763fde3-3ccf-4bbc-9a0c-dcbe206df3f1,unification.hot,available,43.02,43.02,high,low,11,dynadot,,,30/09/2026 00:02
5a7c0933-0df7-46d2-97cf-98ca42258050,fisher.hot,premium,116,116,high,low,6,namesilo,,,24/09/2026 00:24
d5a8af82-3d20-4caa-a838-fd9ba1f97ca2,fatefully.hot,available,52.98,58.98,medium,low,9,namecheap,,,14/09/2026 17:53
669d592c-fdbb-40aa-bc67-7273d8e159de,iis.hot,premium,1000.5,,medium,low,3,unstoppable,,,29/09/2026 19:14
be51c3bd-bd09-46e5-9c68-3e1b9a46d96d,women.hot,premium,1107,1107,high,low,5,namesilo,,,02/10/2026 14:19
02cbff90-3f96-4cf7-b6be-334cb5264687,carolina.hot,premium,116,116,high,low,8,namesilo,,,28/09/2026 01:35
6097d367-f218-4b4f-86e7-01f41e550b07,greed.hot,available,52.98,58.98,high,low,5,namecheap,,,21/09/2026 08:43
683d30fb-8649-42ce-8d6a-66d33fa7341a,jaffa.hot,available,51.99,51.99,high,low,5,namesilo,,,29/09/2026 13:12
d1bbdf17-3a0d-45a3-92b3-fec32e816263,licked.hot,available,51.99,51.99,medium,low,6,namesilo,,,23/08/2026 01:00
b1bfc681-aa7b-4281-b763-cb27155aa0fc,successive.hot,available,51.99,51.99,high,low,10,namesilo,,,10/09/2026 04:29
259594ba-702a-439a-8160-167ad8ae0070,utc.hot,premium,3450,3450,medium,low,3,namesilo,,,28/09/2026 09:27
ff29e5ff-8609-494b-96dd-6a3b2c0cac36,escorted.hot,available,41.6,41.6,high,low,8,spaceship,,,29/09/2026 17:28
7dce84de-61ab-4a24-bd38-89270dc0a9bb,fascinate.hot,available,43.02,43.02,high,low,9,dynadot,,,29/09/2026 08:16
675310b7-480c-4a2c-a3e3-aa07d9a5e2ff,whack.hot,available,52.98,58.98,high,low,5,namecheap,,,01/10/2026 22:02
a3be641f-2a5f-4361-91c5-27513feec108,plateau.hot,available,41.6,41.6,high,low,7,spaceship,,,30/09/2026 18:21
12400fec-cc8b-4838-8f8e-cc208e311ca0,boniface.hot,available,52.98,58.98,medium,low,8,namecheap,,,19/09/2026 19:19
e5a705f1-c622-425f-b93a-63e3ff949e00,bailiwick.hot,available,52.98,58.98,medium,low,9,namecheap,,,21/09/2026 19:08
51811b7b-3845-4284-b72f-44e7de8bafae,parachute.hot,available,43.02,43.02,high,low,9,dynadot,,,28/09/2026 13:43
1c4a77dd-2605-44b8-8ca2-c514586b170e,perverse.hot,available,51.99,51.99,medium,low,8,namesilo,,,14/08/2026 02:31
4c6981a9-4370-4410-8a3e-3c863f5c2dc1,vienna.hot,premium,116,116,high,low,6,namesilo,,,21/09/2026 04:57
5ef9c42e-363c-4ed4-8d8b-b9c13e21e449,glistening.hot,available,51.99,51.99,high,low,10,namesilo,,,20/08/2026 14:30
08c9e01d-6714-4353-be38-526597e66f0c,officer.hot,premium,116,116,high,low,7,namesilo,,,25/09/2026 09:25
6724b427-f8ac-4171-84db-f3cbbe29a4ed,nigerian.hot,available,51.99,51.99,high,low,8,namesilo,,,03/09/2026 17:12
d4e18915-a760-457b-9bd8-9cbe14ba4558,home.hot,premium,1107,1107,high,medium,4,namesilo,,,24/09/2026 23:55
6b7ef818-0c88-4f98-850e-65880fcd9389,rhiannon.hot,available,41.71,41.71,high,low,8,porkbun,,,02/10/2026 14:10
2eae4542-bbe4-456e-8176-7eb6b1d4a86f,regimental.hot,available,51.99,51.99,high,medium,10,namesilo,,,09/09/2026 12:54
60c0a870-174e-46c1-b918-d63c371fabe4,factors.hot,premium,116,116,medium,low,7,namesilo,,,29/09/2026 10:49
48019345-8441-4b81-b591-da11b177be2f,dumont.hot,available,41.6,41.6,medium,low,6,spaceship,,,28/09/2026 11:42
5f7804c5-1593-4d9d-9517-94f884961b3b,lighted.hot,available,52.98,58.98,high,low,7,namecheap,,,21/08/2026 20:09
2b8d5948-36eb-455d-8648-283ffa6aac8f,capitalize.hot,available,51.99,51.99,high,low,10,namesilo,,,30/09/2026 17:00
9580665c-d68d-4b3a-974e-ccf47947205f,squealed.hot,available,51.99,51.99,low,low,8,namesilo,,,20/09/2026 17:30
93f263ab-a5fa-46ac-bcc0-4c34e4f00cfd,revengeful.hot,available,51.99,51.99,medium,low,10,namesilo,,,09/09/2026 16:00
1ad384dc-fde8-4122-b9e3-0a35778db125,anxious.hot,available,41.6,41.6,high,low,7,spaceship,,,27/09/2026 21:59
c973e278-4efb-43b5-aef7-16a297a1984c,faust.hot,available,51.99,51.99,high,low,5,namesilo,,,02/10/2026 15:04
09bc8a4a-8fe4-48f3-9874-9cb0394821aa,toothless.hot,available,51.99,51.99,medium,low,9,namesilo,,,11/09/2026 17:15
cdb7456b-118e-4e39-81ab-07073a0b956b,houses.hot,premium,130,130,high,low,6,namecheap,,,17/09/2026 21:10
2977649d-d7df-4a3d-b211-4ee5a1f4de5f,ancients.hot,available,79.99,79.99,high,low,8,name.com,,,19/09/2026 03:51
e7ee6ae0-3692-493d-a6e6-6a8a4e7be780,darren.hot,premium,116,116,high,low,6,namesilo,,,28/09/2026 11:25
3649d02d-0e38-4c92-98c0-f1fb2f4b4093,lonesome.hot,available,41.6,41.6,medium,low,8,spaceship,,,28/09/2026 21:14
d804c230-c33a-4788-8cc7-b4aa709f378d,instrument.hot,premium,116,116,high,low,10,namesilo,,,24/09/2026 13:05
6f5394f1-5f73-46ff-a1c9-800ab52eb067,texarkana.hot,available,53,,medium,low,9,unstoppable,,,30/09/2026 18:56
c5af7188-a924-45e4-b562-25fe73b94b88,veiled.hot,available,51.99,51.99,medium,low,6,namesilo,,,13/09/2026 01:50
e6421dc0-0551-426c-9e54-df878e838461,atrophic.hot,available,51.99,51.99,medium,low,8,namesilo,,,07/08/2026 14:52
19767a5c-8624-466c-b0b9-9c59a3bf82f5,infectious.hot,premium,116,116,medium,low,10,namesilo,,,22/08/2026 04:12
a6ab02fe-f21d-4976-bdf5-4c9182e4905e,accelerator.hot,available,41.6,41.6,high,low,11,spaceship,,,02/10/2026 05:28
c03f4929-b567-4533-9116-92cc1f2445ff,whoa.hot,available,51.99,51.99,high,low,4,namesilo,,,03/10/2026 02:46
db8e8791-a544-4856-978f-2b74463c1a39,replied.hot,premium,130,130,medium,low,7,namecheap,,,18/09/2026 01:09
d0ad1e75-be4d-4bec-b934-334c1d3c7e4a,wilson.hot,premium,116,116,high,medium,6,namesilo,,,18/09/2026 05:56
4e2c4115-5c3e-4950-bed3-fd135e7167e5,occurred.hot,premium,116,116,medium,low,8,namesilo,,,18/09/2026 13:50
913e5cca-a7bb-4dae-a5cb-8474a630d0a4,souse.hot,available,51.99,51.99,medium,low,5,namesilo,,,
b3833919-5ffb-4bd2-acf5-30e4de61b62b,licenses.hot,premium,116,116,medium,low,8,namesilo,,,30/09/2026 15:42
0712a3dd-1dc5-40a6-a03a-b041fc639368,glaze.hot,available,51.99,51.99,high,low,5,namesilo,,,30/09/2026 08:55
a6f4f552-5188-445e-8c95-587ffb37cef8,shiftless.hot,available,51.99,51.99,high,medium,9,namesilo,,,10/09/2026 06:28
aac1d026-31b1-4caa-adb2-7062fd8b8652,tram.hot,available,79.99,79.99,high,low,4,name.com,,,17/09/2026 12:49
d04f8880-b7ca-43ca-85d6-a2cd454a35ed,sincere.hot,premium,116,116,high,low,7,namesilo,,,24/09/2026 13:03
6aa21b61-501e-4744-a545-54c338c20887,preventive.hot,available,51.99,51.99,high,low,10,namesilo,,,23/09/2026 22:24
5b247879-defc-41b2-8c74-dd751ad75e91,danbury.hot,premium,103.7,103.7,medium,low,7,spaceship,,,29/09/2026 10:05
de10f502-bbe7-4676-b826-a9746dd9cd63,bulletin.hot,premium,130,130,high,low,8,namecheap,,,24/09/2026 11:08
200c4d4c-9b63-48a3-b08c-8b50e74ece00,congratulate.hot,available,53,,high,low,12,unstoppable,,,29/09/2026 03:02
3330e30c-de18-4510-bf44-f7ed5433e8c3,averaging.hot,available,43.02,43.02,high,low,9,dynadot,,,03/10/2026 03:36
d6f90100-a63f-46f8-b098-c4167e56beec,bury.hot,premium,116,116,high,low,4,namesilo,,,30/09/2026 16:51
2e816dea-7a50-4695-9005-9949d0545a40,friendships.hot,available,43.02,43.02,medium,low,11,dynadot,,,30/09/2026 15:36
3a7fa638-2158-4ef2-99ab-d7e94049fdcf,hertzian.hot,available,51.99,51.99,medium,low,8,namesilo,,,21/08/2026 07:14
a2416dfb-4c20-4d0b-b698-8b0f124cd821,copley.hot,available,51.99,51.99,medium,low,6,namesilo,,,29/09/2026 11:58
3b12ffaa-e868-4c7c-9281-0e2cf0e423bc,bunch.hot,premium,500.5,,high,low,5,unstoppable,,,29/09/2026 05:23
0aeeadc4-2f55-4e41-a4dc-368837529d9c,nitro.hot,available,41.6,41.6,high,low,5,spaceship,,,02/10/2026 10:03
ac923dd2-b428-4e02-b8ab-f494577751b8,losers.hot,available,51.99,51.99,medium,low,6,namesilo,,,28/09/2026 04:59
436c62c5-eaa4-4cf0-90fc-562181b887c4,kunming.hot,premium,116,116,medium,low,7,namesilo,,,02/10/2026 19:45
7fc644cb-3c25-4a60-b1ef-a1d92539bcf2,transformed.hot,available,53,,high,low,11,unstoppable,,,29/09/2026 10:35
7b51ec53-cb96-4e6d-ad92-9a9ff1783663,ammo.hot,premium,116,116,high,low,4,namesilo,,,18/09/2026 22:06
d23df0ad-8361-4c7a-ae18-45aefa3501aa,arno.hot,available,51.99,51.99,high,low,4,namesilo,,,20/09/2026 08:12
39f73a79-47cd-4182-be4f-43e67e874a17,abstinent.hot,available,51.99,51.99,high,low,9,namesilo,,,
9e302c72-29f1-43bf-8302-d16fcb532bd3,essen.hot,premium,100.5,,medium,low,5,unstoppable,,,28/09/2026 19:08
d5e0450b-e9d4-4c65-a4e8-08d4d4272c86,rpm.hot,premium,2587.7,2587.7,high,low,3,spaceship,,,02/10/2026 06:15
7b1e96f7-2762-4050-83ea-700e2cb81ea5,inpatient.hot,available,51.99,51.99,medium,low,10,namesilo,,,20/09/2026 21:46
2c7e9576-4460-4443-aebb-ef4978902ef9,beforehand.hot,premium,116,116,medium,low,10,namesilo,,,09/08/2026 08:51
e8a9c7ee-f12b-4edc-ad8f-5563c97076b2,brinkley.hot,available,43.02,43.02,high,low,8,dynadot,,,01/10/2026 11:00
636e5e1d-9424-4fe1-8593-3df751bda27b,viewable.hot,available,51.99,51.99,high,low,8,namesilo,,,13/09/2026 05:37
161a261d-85a8-4c08-ab2f-cc13522ccc15,britt.hot,available,41.71,41.71,high,low,5,porkbun,,,02/10/2026 23:43
9b8ef4d1-7242-41c3-9148-7faf49c513ce,nationally.hot,premium,116,116,medium,low,10,namesilo,,,03/09/2026 13:44
579cf560-0934-4cc8-80c1-355243bf55e9,homotopy.hot,available,51.99,51.99,medium,low,8,namesilo,,,01/10/2026 01:08
0b82e854-fd21-48e2-b1a9-b7a71c74c2af,dusky.hot,available,52.98,58.98,high,low,5,namecheap,,,14/08/2026 21:32
48457961-1269-44e3-9f99-6a91eb6e6a1b,abused.hot,available,51.99,51.99,high,low,6,namesilo,,,
8785c0ce-45e3-47e6-8c50-56ee37f63d26,dennison.hot,available,52.98,58.98,medium,low,8,namecheap,,,30/09/2026 05:23
ff5e4daf-b208-41cd-8ceb-73715b1eba51,surmise.hot,available,51.99,51.99,high,low,7,namesilo,,,11/09/2026 04:51
fc1f189a-fad7-46f1-903e-424ef06f4f28,meissner.hot,available,52.98,58.98,medium,low,8,namecheap,,,02/10/2026 15:21
ec1542d1-e14f-4d51-81ed-46969960a397,course.hot,premium,116,116,high,low,6,namesilo,,,01/10/2026 08:17
6b501573-37e4-47c8-8419-9f6dd1d0b93f,burner.hot,premium,116,116,high,low,6,namesilo,,,29/09/2026 11:49
1944863b-074a-403a-ba9d-db2b7cf4aeb1,surpass.hot,available,53,,high,low,7,unstoppable,,,02/10/2026 05:59
d1c3f475-1e03-4ca1-97bd-756680104d74,trades.hot,premium,116,116,high,low,6,namesilo,,,02/10/2026 23:40
7ad32e19-40b6-403e-a765-d1d670a9b30e,chips.hot,premium,517.7,517.7,high,low,5,spaceship,,,29/09/2026 08:44
3c05efb2-876f-4531-926d-8e4ecd572af0,artist.hot,premium,110,110,high,low,6,dynadot,,,01/10/2026 20:15
956f4ac5-7dbd-42e0-8113-ebbb6f094ac2,sixties.hot,available,52.98,58.98,high,low,7,namecheap,,,16/09/2026 12:11
29271265-653f-4b3f-a7f4-4a32bbd02020,overbold.hot,available,52.98,58.98,medium,low,8,namecheap,,,04/09/2026 20:21
e75d7e1d-0818-46ba-9e4c-f01a00f6259d,accurst.hot,available,51.99,51.99,medium,low,7,namesilo,,,
8083234b-9e7a-4d89-be97-408ea95f005e,magnified.hot,available,51.99,51.99,high,low,9,namesilo,,,24/08/2026 13:08
0dee4dd2-3a55-412f-891e-3652f09b445b,pulitzer.hot,available,41.6,41.6,high,low,8,spaceship,,,29/09/2026 19:26
38f23e21-936e-44e9-9d4f-ad45377fd570,moscow.hot,premium,500.5,,high,low,6,unstoppable,,,29/09/2026 07:06
d8ddda21-c955-4575-8a12-872f84f53de8,ripped.hot,available,51.99,51.99,high,low,6,namesilo,,,27/09/2026 17:41
a9579a2e-e368-4e0b-ad26-6c95a5439b88,paschal.hot,available,51.99,51.99,medium,low,7,namesilo,,,08/09/2026 02:20
ed110f89-880d-4997-8de4-b2f357812cb3,townes.hot,available,41.71,41.71,medium,low,6,porkbun,,,02/10/2026 23:57
3dbdfd28-a2ec-4137-b56e-3c29788bb686,enlarged.hot,available,52.98,58.98,high,low,8,namecheap,,,22/09/2026 22:37
4c1757ec-3e90-4798-8da7-8c332d68e909,backblast.hot,available,51.99,51.99,medium,low,9,namesilo,,,21/09/2026 14:26
00b57778-e0ba-4609-a63c-649030e61b2a,toon.hot,available,51.99,51.99,high,low,4,namesilo,,,19/09/2026 09:01
898724d9-1e5e-401f-a3b1-f604d213f893,discovering.hot,available,52.98,58.98,high,low,11,namecheap,,,29/09/2026 10:28
31ab20e7-912d-4f6c-853b-8e442292bc6a,deutsch.hot,premium,116,116,high,low,7,namesilo,,,28/09/2026 11:22
c438b406-fed6-4888-a754-388c77151a78,undead.hot,available,41.6,41.6,high,low,6,spaceship,,,02/10/2026 11:43
331833d7-42ef-4122-926c-f492fd2a439d,casualty.hot,available,53,,medium,low,8,unstoppable,,,28/09/2026 18:35
2808eb81-5b32-4a73-96f4-11716225cadd,shear.hot,available,41.6,41.6,medium,low,5,spaceship,,,30/09/2026 11:04
9a0cb5c9-6337-4f64-befc-63dd94cd9436,scanning.hot,premium,103.7,103.7,medium,low,8,spaceship,,,28/09/2026 15:18
0295ad63-ca49-4b13-a5e4-83d2c4d2d7ea,biform.hot,available,52.98,58.98,medium,low,6,namecheap,,,09/08/2026 20:07
97c6cdb5-ca3a-4e09-9dff-c99b8ca17a7b,isabelle.hot,premium,103.7,103.7,high,low,8,spaceship,,,28/09/2026 07:42
c5c1597a-6f0f-4c95-9e04-be70fbc3125a,yersin.hot,available,51.99,51.99,medium,low,6,namesilo,,,18/09/2026 05:59
26ffc99b-e04f-4d75-8913-0bdb7e4dbc56,enumerate.hot,available,51.99,51.99,medium,low,9,namesilo,,,03/09/2026 22:58
b7e61cc4-1f85-43b1-9f31-1ec53520a936,infrared.hot,premium,116,116,high,low,9,namesilo,,,04/09/2026 07:52
e90da44d-58fb-4c4c-be74-184f0fdc41ad,wordy.hot,available,51.99,51.99,medium,low,5,namesilo,,,24/08/2026 09:32
85973890-9375-42e6-a603-134509b9f41b,fears.hot,premium,640,640,medium,low,5,namesilo,,,27/09/2026 08:58
30cc8c57-32bf-461f-a5c4-2fe795578cf4,bordeaux.hot,available,51.99,51.99,high,low,8,namesilo,,,24/09/2026 07:22
972dee8a-1337-4720-a6da-f4dd02038d70,ounces.hot,available,51.99,51.99,medium,low,6,namesilo,,,16/09/2026 11:16
52b5251c-1c27-466c-8e89-d5a9bfefa66c,abode.hot,available,51.99,51.99,high,low,5,namesilo,,,16/09/2026 16:25
8e795ef2-040b-40e3-bfe5-2707d0d5be79,adirondack.hot,available,43.02,43.02,medium,low,10,dynadot,,,28/09/2026 21:35
7239a8c5-d557-4a38-80de-6079b6c71630,umayyad.hot,available,52.98,58.98,high,low,7,namecheap,,,30/09/2026 18:14
d3991c12-0f1f-474e-be15-b8d568ed43fe,basileus.hot,available,51.99,51.99,medium,low,8,namesilo,,,22/09/2026 10:47
c09a82b3-167d-41fe-8f6f-2b559f8f65d1,showering.hot,available,51.99,51.99,high,low,9,namesilo,,,01/10/2026 23:53
b310e8b9-cde7-4216-9078-2901b233f56f,rang.hot,available,51.99,51.99,medium,low,4,namesilo,,,
0fafdc18-750d-4dfb-802e-9d8c2898e90f,snowden.hot,available,52.98,58.98,medium,low,7,namecheap,,,29/09/2026 11:15
64b648cc-808f-491a-bd95-df8de13ed612,tarry.hot,available,51.99,51.99,medium,low,5,namesilo,,,09/09/2026 15:16
58414620-83c3-4f57-80bf-169f08b71925,disadvantaged.hot,available,41.6,41.6,medium,low,13,spaceship,,,01/10/2026 06:23
5e8a2978-93d7-426f-963c-6cd81b6673de,atresia.hot,available,52.98,58.98,medium,low,7,namecheap,,,21/09/2026 00:42
bef23b8f-6af0-44d6-b572-41fb291fba64,bypast.hot,available,51.99,51.99,medium,low,6,namesilo,,,11/08/2026 12:08
617ae5eb-a106-4aff-b550-c06141e1155b,mystified.hot,available,52.98,58.98,medium,low,9,namecheap,,,24/08/2026 21:32
16d93e9d-fd12-4334-a69e-e285f1952af3,pant.hot,available,52.98,58.98,medium,low,4,namecheap,,,03/10/2026 00:54
441aaaf5-62d4-48ab-badf-1e57c35eea2b,setting.hot,premium,103.7,103.7,high,low,7,spaceship,,,30/09/2026 04:41
57903c8a-86f4-4d1b-b2a3-750e2bae8553,roa.hot,premium,1035.2,1035.2,medium,low,3,spaceship,,,02/10/2026 22:07
8f63753f-b8ba-4ba5-81ea-96dad84af716,cobra.hot,premium,100.5,,medium,low,5,unstoppable,,,28/09/2026 13:44
8cff001e-313f-40a3-a928-471fe40319b5,deducible.hot,available,51.99,51.99,medium,low,9,namesilo,,,13/08/2026 22:25
33b2d7da-8f5d-4e85-b2b9-ca60821106f6,nonsense.hot,available,41.6,41.6,high,low,8,spaceship,,,30/09/2026 22:57
c7c8a426-b4c7-4d3b-a017-99290854a266,fundamental.hot,premium,116,116,high,low,11,namesilo,,,28/09/2026 11:15
621ee158-34fb-49d7-9b94-219c8e214ddd,entity.hot,premium,130,130,high,low,6,namecheap,,,29/09/2026 02:32
4e18a11f-9c5a-4ea3-89db-2d677ed21811,archly.hot,available,51.99,51.99,medium,low,6,namesilo,,,13/09/2026 20:39
9b4fcb24-d9a2-43d5-b08a-59c1788c1e60,pdf.hot,premium,3450,3450,high,medium,3,namesilo,,,27/09/2026 06:22
20c20d19-5cd3-4508-9ab6-55a5ab7ea77e,posters.hot,premium,125,,medium,low,7,name.com,,,
387a1673-b38c-46a9-8010-47b4b7d5627f,blatant.hot,available,51.99,51.99,medium,low,7,namesilo,,,10/08/2026 13:31
2f237b24-295e-46fa-9979-bb28632d47a4,blanch.hot,available,51.99,51.99,medium,low,6,namesilo,,,04/09/2026 23:27
80c53195-e642-4d98-a60a-13967b4f46b6,mockingly.hot,available,51.99,51.99,medium,low,9,namesilo,,,14/09/2026 12:02
35d1206b-c159-4ef9-983c-a34332f99372,parhelic.hot,available,51.99,51.99,medium,low,8,namesilo,,,08/09/2026 01:31
abf35ab3-69f5-472f-b93f-bc71d25ef110,demoted.hot,available,52.98,58.98,low,low,7,namecheap,,,21/09/2026 05:02
e09f0b22-6818-48d0-b187-d43461b627f0,henderson.hot,premium,130,130,high,low,9,namecheap,,,25/09/2026 19:30
72bedd3b-2dfd-4399-922f-89190c933cf3,triumphal.hot,available,52.98,58.98,high,low,9,namecheap,,,17/08/2026 19:54
f854b84d-6e4f-4a4a-a8a7-44f8c0e893fb,enamel.hot,available,41.6,41.6,high,low,6,spaceship,,,01/10/2026 19:28
22e85c24-9a4d-4ab3-9be9-413031bebcc8,cupule.hot,available,51.99,51.99,medium,low,6,namesilo,,,17/09/2026 02:18
a22054f4-4707-4f2a-956e-eadac45c917e,swimmingly.hot,available,51.99,51.99,medium,low,10,namesilo,,,16/09/2026 02:58
39bf17ff-e262-4545-9e8c-f27950c91c56,clemens.hot,available,51.99,51.99,high,low,7,namesilo,,,27/09/2026 12:32
79610750-bae9-48f6-8354-f99713498811,ethanol.hot,available,53,,medium,low,7,unstoppable,,,02/10/2026 04:44
5075e34d-480b-45df-ad2e-4fe9d9800bca,bohr.hot,available,41.6,41.6,medium,low,4,spaceship,,,29/09/2026 18:01
38f41381-02f1-410c-97d2-f3baa2e760ae,alps.hot,available,51.99,51.99,high,low,4,namesilo,,,18/09/2026 14:12
ad3a2755-d9ba-4fb8-87af-f47c9d8bbb78,corporeal.hot,available,51.99,51.99,medium,low,9,namesilo,,,13/08/2026 01:54
8e96b5da-b44d-4a37-b450-1a10d7152b7f,frosty.hot,available,51.99,51.99,high,low,6,namesilo,,,18/08/2026 16:26
b0ea36fa-4171-4b02-a33f-3b216f54db46,omnivorous.hot,available,51.99,51.99,medium,low,10,namesilo,,,04/09/2026 13:56
1e9b2322-0460-4036-8514-63fad8069d1d,gummy.hot,available,43.02,43.02,high,low,5,dynadot,,,02/10/2026 11:16
88a4b077-f1c7-4eac-b4a3-e277dd73face,celery.hot,available,51.99,51.99,high,low,6,namesilo,,,19/09/2026 17:33
1d2eeb51-1267-4856-9052-b4bc43a53a6c,mantra.hot,available,51.99,51.99,high,low,6,namesilo,,,30/09/2026 03:49
3d2d95a2-afd7-4a7c-9e51-6c15da82e4b6,actuary.hot,available,51.99,51.99,high,low,7,namesilo,,,17/09/2026 05:21
24555dd2-b0d8-4738-99d4-ab4262312e0a,otero.hot,available,41.6,41.6,high,low,5,spaceship,,,02/10/2026 00:57
d43b3ecd-0ee3-4458-bacc-33114ac3c835,defiance.hot,available,30,41.71,medium,low,8,porkbun,,,29/09/2026 12:02
896daf0b-2bf3-4113-829f-4b938ba51881,lecherous.hot,available,51.99,51.99,medium,low,9,namesilo,,,22/08/2026 22:17
6602b30e-fd8d-4b9c-8154-c4034749ac0c,pendant.hot,premium,116,116,high,low,7,namesilo,,,08/09/2026 14:12
65bcf683-36d9-40dc-8056-b68d1eb1b744,guns.hot,premium,1107,1107,medium,low,4,namesilo,,,28/09/2026 05:55
61ea1375-7bfc-456c-b62c-3c2f771ddbde,athlete.hot,premium,116,116,high,low,7,namesilo,,,28/09/2026 22:57
34613a5e-9f08-4465-9b22-29ece4a4d857,antilles.hot,available,51.99,51.99,medium,low,8,namesilo,,,19/09/2026 14:37
4022c258-16ee-4eed-820e-1c06bb31324c,legislation.hot,premium,110,110,high,low,11,dynadot,,,30/09/2026 06:03
d42e9472-d633-45f7-93ac-5e7c09be0158,idf.hot,premium,1035.2,1035.2,medium,low,3,spaceship,,,28/09/2026 14:30
16582d2d-a17e-46ed-8893-999f4464ac42,resale.hot,premium,116,116,high,low,6,namesilo,,,02/10/2026 02:31
0e371199-fa14-4af4-84a8-453ab70cf700,inc.hot,premium,3450,3450,high,low,3,namesilo,,,29/09/2026 23:44
637acace-a57b-427a-bbed-134c96584831,anopia.hot,available,51.99,51.99,medium,low,6,namesilo,,,19/09/2026 11:39
2703902e-a734-47b1-9110-a255f6db8b05,stoic.hot,available,52.98,58.98,high,low,5,namecheap,,,10/09/2026 20:57
aab3361a-ab9b-478b-9799-579461f155da,travelling.hot,premium,116,116,high,low,10,namesilo,,,30/09/2026 13:50
e717a259-81ef-4007-862a-82cc22e8bbc1,hijacking.hot,available,41.6,41.6,medium,low,9,spaceship,,,01/10/2026 19:58
3ec27ca8-86b8-4bc0-9512-50b03114fbfd,sion.hot,available,41.6,41.6,high,low,4,spaceship,,,28/09/2026 06:03
138c56aa-fdbc-4695-8658-25aa51b82034,blessings.hot,available,52.98,58.98,medium,low,9,namecheap,,,28/09/2026 17:50
aae7db7d-ca44-4869-90fb-bc05784d806b,claims.hot,premium,625,625,high,low,6,name.com,,,25/09/2026 20:29
18268f54-2e6d-41a3-8673-e379dbc359c0,avicennia.hot,available,51.99,51.99,medium,low,9,namesilo,,,21/09/2026 09:24
a7bc47b0-4a26-49c5-9a9a-6e7682b7cd0a,binful.hot,available,51.99,51.99,medium,low,6,namesilo,,,23/09/2026 17:14
f9222716-f4ee-4fef-bbf3-5fe8ab544ff1,dec.hot,premium,2500.5,,high,low,3,unstoppable,,,02/10/2026 23:54
7ec32bac-b4a3-46bb-a0f7-f574627e1502,fans.hot,premium,1250,1250,high,low,4,name.com,,,25/09/2026 21:32
83018492-a042-4310-90fd-981cae6483aa,everbody.hot,available,51.99,51.99,medium,low,8,namesilo,,,02/10/2026 04:42
b8ac2215-af0f-4732-baab-0f5fac5e3cfc,platform.hot,premium,103.7,103.7,high,medium,8,spaceship,,,01/10/2026 10:49
067cfcf2-8d19-46cc-bd09-7c8e9eaecad9,returns.hot,premium,116,116,high,low,7,namesilo,,,17/09/2026 17:19
0deb78db-2034-4ca6-a7a9-981a0cf4a537,deletion.hot,available,52.98,58.98,high,low,8,namecheap,,,24/09/2026 21:34
269404a6-7e5c-444c-ac93-cd2f53064062,senescent.hot,available,51.99,51.99,medium,low,9,namesilo,,,
2e0dfc7d-fadf-4c64-a45e-74a98fa434ac,fes.hot,premium,1107,1107,high,low,3,namesilo,,,30/09/2026 09:38
40de7dd3-ecc3-4d8f-8809-9fb0766b6ff1,grubby.hot,available,51.99,51.99,medium,low,6,namesilo,,,09/08/2026 09:31
596a0526-1805-48e9-b0d6-b90d41ffb858,ageless.hot,available,51.99,51.99,high,low,7,namesilo,,,
1eb73484-835d-4a33-af48-6b5bd71f0cbe,armageddon.hot,available,51.99,51.99,high,low,10,namesilo,,,20/09/2026 06:29
331889ae-ebdd-4f9b-a128-efaeff453547,thanks.hot,premium,100.5,,high,low,6,unstoppable,,,30/09/2026 13:13
632fc569-0cd0-4709-b11d-5d66bfe19cee,statutes.hot,premium,116,116,medium,low,8,namesilo,,,30/09/2026 23:10
556d039a-5be6-4c05-b0eb-97a75a19c57c,batfish.hot,available,51.99,51.99,medium,low,7,namesilo,,,22/09/2026 13:14
c003b388-c57c-46f2-a4f1-5a494b72f09c,anaxagoras.hot,available,51.99,51.99,medium,low,10,namesilo,,,19/09/2026 03:36
6a068ef2-8e45-47cf-b1af-db895a99801b,wayne.hot,premium,640,640,high,low,5,namesilo,,,19/09/2026 13:47
94de0bc0-582c-4125-92b7-814cc20d5e81,auctioneer.hot,available,51.99,51.99,high,low,10,namesilo,,,21/09/2026 02:42
e9a2372a-14c7-4f3a-8805-527bfb34c5f8,alexander.hot,premium,110,110,high,medium,9,dynadot,,,28/09/2026 20:15
184263a3-19bc-418c-b7e2-c6f12027170e,intimal.hot,available,51.99,51.99,medium,low,7,namesilo,,,22/08/2026 08:28
554cb250-b30f-4a60-853f-904a91253ac0,beetling.hot,available,51.99,51.99,medium,low,8,namesilo,,,09/08/2026 08:22
d8ee90a4-6d59-48da-8b06-1a8c106c4492,assists.hot,premium,103.7,103.7,medium,low,7,spaceship,,,02/10/2026 22:45
e8e8ee32-686d-4d38-851f-a480d90d724f,theresa.hot,premium,116,116,high,low,7,namesilo,,,17/09/2026 18:43
6e160bb2-d25e-43b4-9d81-5123101067d1,gains.hot,premium,650,650,medium,low,5,namecheap,,,18/09/2026 18:50
74bc153f-a258-4c3f-9c6d-ac03566db7b7,pragmatic.hot,available,51.99,51.99,high,low,9,namesilo,,,21/08/2026 00:30
53dc7718-5ab3-47bc-9586-2a4c8e7d8c6f,accord.hot,available,51.99,51.99,high,low,6,namesilo,,,16/09/2026 22:54
4177fdc3-38f9-414b-9209-3210d63594a7,vivid.hot,available,51.99,51.99,high,low,5,namesilo,,,25/09/2026 13:33
ff465802-2029-4c06-977b-b3da1b9dd69a,bilirubin.hot,available,51.99,51.99,medium,low,9,namesilo,,,23/09/2026 15:56
17d3d13f-e10a-477a-8483-fa6a996242a0,dijon.hot,available,51.99,51.99,high,low,5,namesilo,,,24/09/2026 22:19
e8a5a0b7-d854-4dd0-b840-806ff2e2a201,malar.hot,available,51.99,51.99,medium,low,5,namesilo,,,13/09/2026 15:43
136ee21c-23e6-4784-a9c8-686e385caa61,paranormal.hot,premium,125,125,high,low,10,name.com,,,17/08/2026 19:25
be0f1311-4178-4a52-9f6e-4288e50935e7,swirl.hot,available,43.02,43.02,high,low,5,dynadot,,,02/10/2026 04:27
f9aeb181-a855-444e-b71a-98b745ccd1fe,doom.hot,premium,1300,1300,high,low,4,namecheap,,,24/09/2026 23:34
5cdc75df-bb3f-467a-97f6-060dee0a9110,wetter.hot,premium,640,640,high,low,6,namesilo,,,22/09/2026 23:07
858bac18-2af5-4fe8-9f16-2deb911f130a,convexly.hot,available,51.99,51.99,medium,low,8,namesilo,,,14/09/2026 08:39
6d1c12ad-86f6-4f2f-9562-eda66d350279,emboss.hot,available,51.99,51.99,medium,low,6,namesilo,,,10/08/2026 20:42
0ed6a67d-8716-45a6-bf7c-94178519c415,dominate.hot,available,51.99,51.99,high,low,8,namesilo,,,16/09/2026 01:33
c973c251-d96e-4476-b26a-a24293f25b03,tide.hot,premium,1107,1107,high,low,4,namesilo,,,30/09/2026 03:36
2de66b19-2051-4456-93e1-8358eaddcaf6,dogwalking.hot,available,52.98,58.98,high,low,10,namecheap,,,18/09/2026 19:10
29ca854a-a1e3-4d24-8e19-ea47e28f62a8,ledge.hot,available,51.99,51.99,high,low,5,namesilo,,,29/09/2026 01:33
7d706406-5563-40f4-a966-9a2a8173781e,bidens.hot,available,51.99,51.99,medium,low,6,namesilo,,,29/09/2026 02:29
0595ad78-2fa1-43b1-8812-44cd47f20761,chios.hot,available,41.6,41.6,medium,low,5,spaceship,,,02/10/2026 23:59
628e4fd9-c4b3-4470-8de5-5b0674845ca0,dungeon.hot,available,51.99,51.99,high,low,7,namesilo,,,24/09/2026 23:29
5ece2cfb-fe74-47f9-a471-e45b1d3788ed,gatt.hot,available,51.99,51.99,medium,low,4,namesilo,,,30/09/2026 09:53
442a84ba-8a8c-45f2-9fea-a7cc506b4101,festivities.hot,available,43.02,43.02,high,low,11,dynadot,,,29/09/2026 22:56
e68f7dd6-4109-4125-ba96-8486c6a0e869,presidency.hot,available,51.99,51.99,high,low,10,namesilo,,,29/09/2026 13:43
b0d198b2-0986-4142-81b4-35257627c31a,scripted.hot,available,52.98,58.98,high,low,8,namecheap,,,27/09/2026 18:42
bd0e6fb9-18c4-4b5f-bcae-e737594d0954,chargeman.hot,available,51.99,51.99,medium,low,9,namesilo,,,24/09/2026 04:25
31602abd-cbd3-404a-b967-23c36673fbbc,liter.hot,available,51.99,51.99,high,medium,5,namesilo,,,22/08/2026 17:07
ec583a46-d79b-42cb-9f05-c1ce74846e60,princely.hot,available,51.99,51.99,high,low,8,namesilo,,,14/08/2026 01:00
cdbd8679-8c58-45ad-8b07-93766b42028e,avery.hot,premium,116,116,high,low,5,namesilo,,,25/09/2026 15:31
b1508abd-2754-4f7c-a49d-d124aceb8579,deteriorating.hot,available,53,,medium,low,13,unstoppable,,,29/09/2026 20:55
68ce2444-ca81-45c6-b6b9-e2ac7dd03857,sunglasses.hot,premium,103.7,103.7,high,low,10,spaceship,,,29/09/2026 06:30
cd402c66-d612-48c2-bde9-8947fd1252c7,stink.hot,available,41.6,41.6,high,low,5,spaceship,,,29/09/2026 19:15
0dff0f2c-6a6f-4697-8e12-e2128d874044,sack.hot,available,51.99,51.99,high,low,4,namesilo,,,03/09/2026 15:56
2a2cfa59-8ddd-446a-b091-d389ea5dd30e,cucumbers.hot,available,52.98,58.98,medium,low,9,namecheap,,,20/09/2026 10:05
7b7eee1d-b2d4-431c-88ca-0cf25cdfee3e,sandwiches.hot,available,41.6,41.6,medium,low,10,spaceship,,,28/09/2026 13:26
f3894b3f-035a-4ad9-9414-644aae6d8b29,terrain.hot,premium,100.5,,high,low,7,unstoppable,,,28/09/2026 20:36
f1662858-0744-4ade-9e26-2a2d42952e4b,deserved.hot,available,51.99,51.99,high,low,8,namesilo,,,14/08/2026 03:27
8400b752-4a53-4641-bebb-d271eba482d5,adidas.hot,premium,116,116,high,low,6,namesilo,,,02/10/2026 13:22
8ad402c8-18b5-4065-a04c-18d11c5ba680,anklet.hot,available,51.99,51.99,high,low,6,namesilo,,,19/09/2026 09:41
2cd77903-59a0-4f63-a12a-557cf16c9a6b,devonshire.hot,available,51.99,51.99,medium,low,10,namesilo,,,03/10/2026 00:28
03dac4f4-871e-4bc1-af87-558279d28c1e,meade.hot,available,51.99,51.99,high,low,5,namesilo,,,27/09/2026 04:12
e7c78953-3d18-458a-bb47-cc18e714ed7e,flesh.hot,premium,1107,1107,high,low,5,namesilo,,,25/09/2026 21:58
f1630955-2016-4526-82d0-b7fe44b56799,landry.hot,premium,103.7,103.7,medium,low,6,spaceship,,,29/09/2026 05:35
a917abd8-a68e-4eba-b1d4-2fd3b7c97b84,sugar.hot,premium,650,650,high,low,5,namecheap,,,29/09/2026 08:02
f4bf75b9-e5ec-4f1e-85ca-0221d8d3538a,strangers.hot,available,29.98,58.98,medium,low,9,namecheap,,,
b7f07697-070d-4cd9-a6f2-b0d74e1db3a1,block.hot,premium,640,640,high,low,5,namesilo,,,28/09/2026 23:15
d53a146b-941c-423d-98d8-e9c93122d061,roadside.hot,premium,130,130,high,low,8,namecheap,,,29/09/2026 13:53
e4a0f765-b60c-4e71-9856-8f5f93021378,tinned.hot,available,51.99,51.99,medium,low,6,namesilo,,,11/09/2026 16:17
448488f0-a3cd-452b-bee8-5d8d1ab73c84,stuffy.hot,available,51.99,51.99,high,low,6,namesilo,,,
83b7b809-55b8-4a3e-a901-0692bf1d55d3,cleaning.hot,premium,625,625,high,low,8,name.com,,,12/08/2026 10:25
e4601432-9644-4625-8482-27d29e3deca7,weiss.hot,available,51.99,51.99,high,low,5,namesilo,,,25/09/2026 15:49
6107ca0a-7170-4cff-8979-bc8e15f5c4c7,bathurst.hot,available,41.6,41.6,medium,low,8,spaceship,,,28/09/2026 16:46
09783431-a6bd-400f-9ea5-64c07d87992b,cpu.hot,premium,3450,3450,high,low,3,namesilo,,,24/09/2026 11:27
02112366-180b-4fca-8c38-05238530e24e,fisheye.hot,premium,116,116,high,low,7,namesilo,,,18/08/2026 05:28
7ecc843b-4e8f-41d0-a1c6-c6ba4641ff2a,vogel.hot,available,51.99,51.99,high,low,5,namesilo,,,28/09/2026 04:48
801062b5-e9f3-4f06-a76c-2c1ed8e204e9,apparition.hot,available,51.99,51.99,high,low,10,namesilo,,,08/09/2026 18:34
fe838619-2ea2-4d8e-afa0-c9631813526b,bourgeois.hot,available,51.99,51.99,high,medium,9,namesilo,,,10/08/2026 22:45
1b4740c9-c5f4-4aa9-ab99-543e63d351af,tangled.hot,available,51.99,51.99,medium,low,7,namesilo,,,11/09/2026 07:59
bd3368ef-db6a-4b97-aab8-0b57c188daa4,stormwater.hot,available,41.6,41.6,high,low,10,spaceship,,,30/09/2026 05:51
5bd2dea4-5ab4-4b70-af27-4d6af9b7ecc9,oversexed.hot,available,51.99,51.99,medium,low,9,namesilo,,,21/08/2026 09:17
102a2b9c-4367-4ce2-995c-e434de9f251a,equality.hot,premium,103.7,103.7,high,low,8,spaceship,,,28/09/2026 19:07
f4df7d21-00b3-4bee-9c8b-80cef99ed07d,auriferous.hot,available,51.99,51.99,medium,low,10,namesilo,,,22/09/2026 13:02
525e43eb-f081-4f39-9cf9-4bd335ace6e0,feeding.hot,premium,116,116,high,low,7,namesilo,,,25/09/2026 22:30
eb7825f5-1acd-46a2-ad6e-640dd81ab094,motorcar.hot,available,51.99,51.99,high,low,8,namesilo,,,21/09/2026 05:29
12667ee6-21b9-4211-a092-f27bb53105ef,perceive.hot,available,53,,high,low,8,unstoppable,,,29/09/2026 20:45
bd8234c8-7e1a-47a0-96e6-4bbd01df1249,connection.hot,premium,109.69,109.69,high,low,10,porkbun,,,01/10/2026 02:25
9b1456de-7fe7-4ff6-84f4-7ded4fc2d03c,avenge.hot,available,51.99,51.99,high,low,6,namesilo,,,29/09/2026 13:46
42dd620f-e8c1-45ee-aec0-d598a4896a94,platoon.hot,available,52.98,58.98,high,low,7,namecheap,,,27/09/2026 15:14
f08a7d62-5696-4983-8042-7d451ca83c64,bandung.hot,premium,130,130,medium,low,7,namecheap,,,22/09/2026 01:32
2fd527ed-d551-411d-a26f-ec4382b3e4ff,falsely.hot,available,51.99,51.99,medium,low,7,namesilo,,,14/09/2026 17:35
f418f028-6c07-4e08-a83c-aba92c156048,grape.hot,available,53,51.99,high,low,5,unstoppable,,,29/09/2026 08:23
9fe07979-c807-48ff-b832-a953ea5231bd,guise.hot,available,52.98,58.98,medium,low,5,namecheap,,,03/10/2026 01:03
7b41b4a3-63d5-498c-a5b6-e226bd16ce18,kovacs.hot,available,53,,medium,low,6,unstoppable,,,02/10/2026 20:40
3e8ee744-b910-4ef8-a220-9cf5e8d362d7,montgomery.hot,premium,116,116,high,low,10,namesilo,,,16/09/2026 12:22
f8711da2-2233-4e4c-860a-0f81f263cbfa,analytically.hot,available,51.99,51.99,medium,low,12,namesilo,,,01/10/2026 04:36
52f0c097-5e58-49e8-aea3-607d6df738a4,eos.hot,premium,3450,3450,high,low,3,namesilo,,,29/09/2026 06:47
daa9b085-da70-48c2-a171-19d7640d664a,penile.hot,available,51.99,51.99,medium,low,6,namesilo,,,08/09/2026 14:21
f0a5c3f8-185e-4f2d-b619-514de81748a6,agate.hot,available,51.99,51.99,high,low,5,namesilo,,,17/09/2026 16:25
b516e788-b55e-4713-8ebd-b51788a6b845,profession.hot,premium,116,116,high,low,10,namesilo,,,30/09/2026 07:31
0528398a-da58-4802-9a21-204f7b074a91,drafting.hot,available,51.99,51.99,high,low,8,namesilo,,,30/09/2026 09:23
67a4ad10-c44a-4c65-a5cd-41ad26e6673a,typical.hot,premium,116,116,high,low,7,namesilo,,,24/09/2026 11:26
60456e8e-d662-4df3-b193-2fce3d0256ea,prevail.hot,available,51.99,51.99,high,medium,7,namesilo,,,09/09/2026 01:31
d29b74c4-0ca9-4c0b-9688-d926bbe5f52d,unaided.hot,available,51.99,51.99,medium,low,7,namesilo,,,12/09/2026 00:13
3c2f2e74-ba56-47b1-9ec7-95165549e3a8,contracted.hot,available,51.99,51.99,high,low,10,namesilo,,,23/09/2026 22:26
44a20acf-4d3d-4d06-a346-119917433c90,burma.hot,available,41.6,41.6,high,medium,5,spaceship,,,29/09/2026 11:49
8dff28a8-246c-4644-87da-6a710927e8f6,momentum.hot,premium,116,116,high,medium,8,namesilo,,,30/09/2026 04:55
85b752fd-31e8-4422-9351-a8fc189480b6,scant.hot,available,51.99,51.99,medium,low,5,namesilo,,,09/09/2026 22:36
f56618d4-a8a8-488e-92df-5afdffd90f99,duisburg.hot,available,41.6,41.6,medium,low,8,spaceship,,,02/10/2026 19:56
18b559e6-fac7-4618-89e3-92702633568a,spell.hot,premium,640,640,high,low,5,namesilo,,,24/09/2026 22:24
a727590d-83d1-4043-91c7-85ccb0256b38,fat.hot,premium,3450,3450,high,low,3,namesilo,,,24/09/2026 17:19
b35cd68b-83de-4098-bc3a-82cdc968cd03,girlfriend.hot,premium,1300,1300,medium,low,10,namecheap,,,02/10/2026 21:13
d740fb60-4ce0-46b5-a756-721c759467a7,writhing.hot,available,51.99,51.99,medium,low,8,namesilo,,,13/09/2026 13:45
6d1b3cfd-d844-428d-8cdf-a3eea4daa0a7,cram.hot,available,52.98,58.98,high,low,4,namecheap,,,10/08/2026 18:14
feee1f9b-86b8-4434-b35a-1b071a60c90f,colonial.hot,premium,116,116,high,low,8,namesilo,,,12/08/2026 17:20
a9fe46a8-384e-474f-937e-0e0086d216e5,wakeful.hot,available,51.99,51.99,medium,low,7,namesilo,,,04/09/2026 16:03
b1327ef9-c475-4c71-9e0f-96c3831478a8,sculpted.hot,available,52.98,58.98,high,low,8,namecheap,,,20/08/2026 18:50
3b7e5bb3-9f11-4918-807f-49bda70c2610,gerber.hot,available,41.6,41.6,high,low,6,spaceship,,,29/09/2026 09:42
61c77233-6c92-4914-8f44-1b4cb6086914,journalism.hot,premium,130,130,high,low,10,namecheap,,,30/09/2026 00:56
bd38a0ad-e431-4bb5-9e98-81bf7ff1ef65,pompon.hot,available,52.98,58.98,medium,low,6,namecheap,,,19/09/2026 09:36
962f19ce-583b-466d-99bc-c4fd48b0cd18,sebastian.hot,premium,116,116,high,low,9,namesilo,,,25/09/2026 15:12
98a39c6c-fe04-4715-830d-0d4c4d4fa765,sergeant.hot,available,43.02,43.02,high,low,8,dynadot,,,28/09/2026 06:37
47c3b6be-9b74-4af6-86df-842243f3220e,mcc.hot,premium,1100,1100,high,low,3,dynadot,,,27/09/2026 20:35
f78e9932-ff92-44ef-9242-84a794fec517,peterborough.hot,available,30,41.71,high,low,12,porkbun,,,28/09/2026 07:36
37539cc2-70a9-48b8-b6f6-773d2a412f82,smarting.hot,available,51.99,51.99,medium,low,8,namesilo,,,10/09/2026 11:48
8df7d65c-ac2c-429c-bdb8-e4eff901704e,disorderly.hot,available,51.99,51.99,medium,low,10,namesilo,,,14/08/2026 11:51
a1aa6d46-53ba-4355-829f-032d4aedf647,overage.hot,premium,130,130,medium,low,7,namecheap,,,04/09/2026 19:59
06f83882-9a0b-44b4-a16b-36ca16442db7,cylinder.hot,premium,116,116,high,low,8,namesilo,,,29/09/2026 00:34
d23d6444-16ed-4f9d-b443-eb2c0d283ce9,masks.hot,available,53,,medium,low,5,unstoppable,,,28/09/2026 09:01
39726fd8-0196-4fcd-9cd1-28278d539c6d,aire.hot,available,52.98,58.98,high,low,4,namecheap,,,17/09/2026 23:06
6fa45175-997d-416f-9d6b-fa4b8aa69d88,photic.hot,available,52.98,58.98,high,low,6,namecheap,,,08/09/2026 19:17
2d696b2e-3de2-4b7e-9ff6-0e27fc3c702b,dietary.hot,premium,116,116,high,low,7,namesilo,,,08/09/2026 15:41
ada10870-5535-476f-b577-23a2df5809ef,antipodes.hot,available,51.99,51.99,medium,low,9,namesilo,,,19/09/2026 14:59
ed4a86ae-6ee8-4abe-99cd-d996c6739ccf,lithic.hot,available,51.99,51.99,medium,low,6,namesilo,,,24/08/2026 07:28
2d73bba4-cee8-410d-90bf-cdcc8066c814,murrow.hot,available,41.71,41.71,medium,low,6,porkbun,,,03/10/2026 00:35
fadf4d06-0ede-4cd5-9ecc-9ab330533204,nisbet.hot,available,41.6,41.6,medium,low,6,spaceship,,,03/10/2026 04:04
777a7f47-845d-40bc-b1a6-4b62c4962ff6,herzegovina.hot,premium,103.7,103.7,medium,low,11,spaceship,,,27/09/2026 18:47
1e3c2fa6-be12-40a8-a764-980b56dcdba4,laic.hot,available,52.98,58.98,medium,low,4,namecheap,,,22/08/2026 18:47
683b6ca1-4382-4f6f-8961-cca16bd77a04,capital.hot,premium,517.7,517.7,high,medium,7,spaceship,,,01/10/2026 03:01
3caad96a-48f9-4596-aceb-a02d410e8d4a,manure.hot,available,51.99,51.99,high,low,6,namesilo,,,30/09/2026 10:32
1f02475d-169c-4f6f-82c8-c40d5681be10,cafe.hot,premium,1107,1107,high,low,4,namesilo,,,19/09/2026 13:35
bf9b7692-e040-4b98-808e-4ae27d6245e6,avicenna.hot,available,51.99,51.99,high,low,8,namesilo,,,16/09/2026 18:41
6cc7f3a2-6dd0-4b35-83dc-704dbd439c99,zonary.hot,available,51.99,51.99,medium,low,6,namesilo,,,13/09/2026 15:31
e74d97b2-e557-4f57-abd6-1c4c5ee48ed4,allsorts.hot,available,51.99,51.99,low,low,9,namesilo,,,16/09/2026 05:53
e6bd7c7e-bc9e-4a3f-8664-34072d6eb72d,acetabulum.hot,available,51.99,51.99,medium,low,10,namesilo,,,16/09/2026 23:45
269f3d2c-22fe-4783-8daf-bfe424d8eb78,scummy.hot,available,51.99,51.99,medium,low,6,namesilo,,,
2092f78d-848d-4f6d-b7eb-49411ca56981,decency.hot,available,51.99,51.99,high,low,7,namesilo,,,29/09/2026 06:36
625936e3-e167-44bd-978e-28a981759421,bruise.hot,available,41.6,41.6,medium,low,6,spaceship,,,29/09/2026 04:45
788d43ba-ff0b-44f5-81ad-e0350a0dbfd7,irate.hot,available,51.99,51.99,medium,low,5,namesilo,,,22/08/2026 09:44
018c1b1a-e0b0-4bba-8352-866deceff827,unassuming.hot,available,43.02,43.02,high,low,10,dynadot,,,27/09/2026 13:26
4ec639ac-af55-4b08-97b4-01eb4470d750,occupying.hot,available,53,,low,low,9,unstoppable,,,30/09/2026 23:24
69c8cee8-2796-4a1e-983d-0fe2b13bb697,garb.hot,available,52.98,58.98,high,low,4,namecheap,,,19/09/2026 19:56
2c04735c-4de7-4494-a947-d3a5eafa043f,basilicata.hot,available,51.99,51.99,medium,low,10,namesilo,,,22/09/2026 10:50
123d860a-3e4e-4071-9abc-16ba4abf2dcc,woolen.hot,available,51.99,51.99,medium,low,6,namesilo,,,13/09/2026 13:13
719ab6dc-1553-4f97-9b4d-36d16d81ff1a,bmdo.hot,available,51.99,51.99,medium,low,4,namesilo,,,21/09/2026 22:57
fe045377-c2b6-482f-8bcd-5df0fd1a0e2a,eyeless.hot,available,52.98,58.98,medium,low,7,namecheap,,,17/08/2026 20:02
6616fa0c-6d9c-4a52-a015-c9f6631a0296,least.hot,premium,640,640,high,low,5,namesilo,,,25/09/2026 13:24
1080ddee-42ed-4604-95b3-bd8d2c420966,cui.hot,premium,1035.2,1035.2,high,low,3,spaceship,,,29/09/2026 15:08
cf90bc15-eb52-4bee-a2b1-7a6f423c4b25,genital.hot,available,51.99,51.99,medium,low,7,namesilo,,,18/08/2026 21:40
ccaab062-5121-49c3-918b-41d07d874930,skinny.hot,premium,1107,1107,high,low,6,namesilo,,,12/08/2026 04:01
6bfac108-3485-483d-8ce2-473285c51297,salubrious.hot,available,51.99,51.99,high,low,10,namesilo,,,20/08/2026 16:33
d983ea3b-0fd3-4797-93b5-30aabfbf4295,bawd.hot,available,79.99,79.99,medium,low,4,name.com,,,13/08/2026 14:22
9b046ccc-7401-470c-974a-fae0221bfa8e,speculative.hot,available,41.6,41.6,medium,low,11,spaceship,,,02/10/2026 07:16
850368b3-9fd3-4e5c-ba14-92f7f17079fa,someone.hot,premium,116,116,high,low,7,namesilo,,,25/09/2026 09:13
ba5185b5-96e3-4849-be58-0c1528cc2fc1,darkening.hot,available,79.99,79.99,medium,low,9,name.com,,,13/08/2026 18:10
93537795-c96b-4305-b9d4-c98795311fb2,destinies.hot,available,51.99,51.99,high,low,9,namesilo,,,20/09/2026 07:12
416ef275-c946-4a6c-bbe9-2d1034a6d0aa,lieutenant.hot,available,41.6,41.6,high,low,10,spaceship,,,28/09/2026 02:16
2fdc1756-3eb7-4ae6-be5b-3a4b904d46c5,birthmark.hot,available,52.98,58.98,high,low,9,namecheap,,,23/09/2026 21:13
74c682fa-6cc2-4999-9329-f147bb17a198,bedford.hot,premium,116,116,high,low,7,namesilo,,,25/09/2026 14:52
165d5f6f-cfec-4cad-affe-fe168e51d05c,mushroom.hot,available,41.6,41.6,high,low,8,spaceship,,,28/09/2026 14:57
83d6e886-5818-4749-ae8a-1d70ce9d76e2,nbl.hot,premium,1000.5,,high,low,3,unstoppable,,,01/10/2026 23:39
26c79182-2358-4aa3-8cad-95638b0fc5f7,doob.hot,available,52.98,58.98,medium,low,4,namecheap,,,21/09/2026 18:37
aba33b9b-6eb6-46b7-984f-11ab845a26ab,semantics.hot,available,41.6,41.6,high,low,9,spaceship,,,01/10/2026 21:37
1b80f759-0e7d-4b43-9b68-eec145222aa7,recommendation.hot,premium,125,,high,low,14,name.com,,,
3f92ce15-af7e-4b8b-bc64-49c5ca13bc50,horrify.hot,available,51.99,51.99,medium,low,7,namesilo,,,18/09/2026 01:56
a465281d-6898-4980-a866-54ea4abd87bb,benny.hot,available,51.99,51.99,high,low,5,namesilo,,,23/09/2026 08:22
ebfc73b1-7c2f-4470-98e0-e073a2798c84,unknown.hot,premium,116,116,high,low,7,namesilo,,,03/09/2026 12:55
f4589b81-27cb-4b4b-9887-5946c3796533,pointers.hot,available,52.98,58.98,medium,low,8,namecheap,,,02/10/2026 02:15
ab133030-d087-4fc8-bd35-89f4125971ab,piddling.hot,available,51.99,51.99,medium,low,8,namesilo,,,18/08/2026 03:33
9ec64e7e-1c2e-453a-ac8e-84db4e44e87b,rewind.hot,available,53,,high,low,6,unstoppable,,,02/10/2026 06:47
cf49fa71-a2cb-4671-8587-af5c55d94f2a,administer.hot,available,41.6,41.6,high,low,10,spaceship,,,29/09/2026 14:10
562cde5e-b6b2-4f6a-9f2c-f689802ee0b2,champ.hot,available,51.99,51.99,high,low,5,namesilo,,,12/08/2026 01:35
35a535fb-3f34-415e-a331-7854b9cb0e4d,sanctioned.hot,available,51.99,51.99,medium,low,10,namesilo,,,06/08/2026 09:24
95c09791-db8d-46dc-9d77-e464eaa53cd1,carts.hot,available,51.99,51.99,medium,low,5,namesilo,,,30/09/2026 07:03
08dbd41b-43a2-4d43-9fd3-f6c9a4f37aeb,hilltop.hot,premium,116,116,high,low,7,namesilo,,,02/10/2026 05:19
6efdf96b-6038-470a-93d5-07d949e60bf0,vulvar.hot,available,51.99,51.99,medium,low,6,namesilo,,,13/09/2026 07:29
051521a3-15b9-4eac-b8e7-1f9ffe708672,tewkesbury.hot,available,52.98,58.98,medium,low,10,namecheap,,,22/09/2026 16:07
f656eaef-b940-4c42-aed5-5c430d153bc7,stafford.hot,premium,116,116,high,low,8,namesilo,,,29/09/2026 14:53
a148d622-8044-4f3a-a530-3c2c0b2f3854,momentarily.hot,available,41.6,41.6,medium,low,11,spaceship,,,29/09/2026 23:02
0334405c-3e17-434e-a5cc-d96a46584436,dinah.hot,available,41.6,41.6,medium,low,5,spaceship,,,29/09/2026 03:55
f9da1d26-e95f-4157-9c3d-f13c13128467,mortimer.hot,available,51.99,51.99,medium,low,8,namesilo,,,25/09/2026 23:45
8834d430-7446-4588-abd4-6bc1735934ae,hillside.hot,premium,100.5,,high,low,8,unstoppable,,,29/09/2026 13:02
284a15a0-e3b9-4b9a-b77c-f5aa9169b70f,amusingly.hot,available,51.99,51.99,high,low,9,namesilo,,,13/09/2026 19:40
2f83b88d-a8cc-4dd6-9908-c7e279d70819,mould.hot,available,51.99,51.99,medium,low,5,namesilo,,,24/09/2026 15:22
72a10125-00f8-4fb6-bd5c-38a3191bf02a,postpartum.hot,available,51.99,51.99,high,low,10,namesilo,,,09/09/2026 00:37
3b06fb74-4105-4920-b6a8-0880be730879,savory.hot,available,51.99,51.99,high,low,6,namesilo,,,25/08/2026 08:48
896cd634-9e2b-4dcf-803a-ed301360a2f7,knob.hot,available,30,41.71,high,low,4,porkbun,,,28/09/2026 19:39
fbff8203-0533-4832-b35c-536b8a30243f,bioweapon.hot,available,51.99,51.99,medium,low,9,namesilo,,,23/09/2026 17:40
3697beb3-6e18-414f-9a1f-ba798c825f54,seri.hot,available,51.99,51.99,high,low,4,namesilo,,,30/09/2026 04:00
aaea55fb-cb7c-4d7e-b78c-5180a27956e2,bicycle.hot,premium,130,130,high,low,7,namecheap,,,27/09/2026 03:10
93d33144-c2f5-4b90-82ac-8053b24ea106,hawes.hot,available,41.6,41.6,medium,low,5,spaceship,,,29/09/2026 22:21
6385badd-1d48-4960-84d3-6955b39da197,una.hot,premium,2500.5,,high,low,3,unstoppable,,,29/09/2026 14:42
6841fc68-f5da-4a0e-885d-572699c43830,saurian.hot,available,52.98,58.98,medium,low,7,namecheap,,,22/08/2026 17:55
e128c2c6-8cba-423b-b40a-0c27d0127e90,ringed.hot,available,51.99,51.99,high,low,6,namesilo,,,
b9f203af-8e31-47ab-82b5-9385d94cf07e,scripture.hot,available,51.99,51.99,high,low,9,namesilo,,,23/09/2026 12:48
86410b07-fcb4-49e7-9108-c22d74dbfc7f,vicinity.hot,available,41.6,41.6,high,low,8,spaceship,,,28/09/2026 19:41
42b6a3ee-c568-47ff-9b03-37e7e5fb55d8,waterworks.hot,premium,110,110,high,low,10,dynadot,,,02/10/2026 06:40
4f1bbcd4-915e-47ea-af8c-6cb34a3fc3bf,spades.hot,available,53,,high,low,6,unstoppable,,,30/09/2026 14:16
fa544636-e485-4ca5-82d7-d290d8e3a07f,sfr.hot,premium,1035.2,1035.2,high,medium,3,spaceship,,,02/10/2026 18:51
3c7901c0-14d4-4822-a80a-88a860907559,escaped.hot,available,51.99,51.99,medium,low,7,namesilo,,,07/08/2026 11:22
c48e7a9e-afe0-4448-9585-f972e1eb9b9a,syncarpous.hot,available,51.99,51.99,medium,low,10,namesilo,,,11/09/2026 06:11
83001b5b-2354-4e1b-97fb-96720b655c8f,boomer.hot,available,52.98,58.98,high,low,6,namecheap,,,21/09/2026 13:18
5a2f65f3-5e09-4bbc-ad6b-5c640d793dd9,adequate.hot,premium,130,130,high,low,8,namecheap,,,21/09/2026 18:22
4580e712-3ceb-4688-8676-75b593d45ef9,atarax.hot,available,52.98,58.98,medium,low,6,namecheap,,,20/09/2026 19:30
e184c070-ca1c-4a48-8b60-337034039167,panipat.hot,available,52.98,58.98,medium,low,7,namecheap,,,22/09/2026 15:36
e3816db6-dad0-4a7d-b987-a40851d9f58f,repaid.hot,available,41.6,41.6,medium,low,6,spaceship,,,02/10/2026 21:19
cd5304aa-f4b0-4e16-981e-3a9fcaec3e59,action.hot,premium,1000.5,1035.2,high,medium,6,unstoppable,,,02/10/2026 00:12
3dd9af1a-c53a-4940-80c9-d96616e1629e,goddam.hot,available,51.99,51.99,medium,low,6,namesilo,,,10/08/2026 12:44
3a1460bb-122c-46c1-b374-6d09183e5ef4,unlisted.hot,available,51.99,51.99,medium,low,8,namesilo,,,12/09/2026 14:55
329a32b1-7ab5-4211-b754-5b15ced52c5f,comestible.hot,available,51.99,51.99,medium,low,10,namesilo,,,12/08/2026 18:45
83b51c90-8924-4e7a-a3fc-ba58f6e0c636,desperate.hot,premium,116,116,high,low,9,namesilo,,,14/08/2026 03:58
a794cda6-3e34-46e1-9e59-263762fd6321,recipient.hot,premium,103.7,103.7,high,low,9,spaceship,,,30/09/2026 09:19
17362e50-8a8b-4bf7-8947-d61a928b69db,climax.hot,premium,1107,1107,high,low,6,namesilo,,,24/09/2026 15:38
6d5080f0-7a3c-489a-a47d-a9acab2f88a5,secretaries.hot,available,41.6,41.6,medium,low,11,spaceship,,,30/09/2026 00:46
72530d43-5d63-43e2-8da1-e2c2db043fb5,scorned.hot,available,51.99,51.99,medium,low,7,namesilo,,,14/08/2026 04:16
59cd0f8b-5713-49aa-9a0a-e459a3227f8a,armour.hot,available,52.98,58.98,medium,low,6,namecheap,,,20/09/2026 07:22
ffdef9ee-b8b6-4a2f-9417-a39daa001e7e,iwo.hot,premium,1100,1100,medium,low,3,dynadot,,,29/09/2026 19:21
cf0ec2fd-a4b0-47d3-a720-627647ce20e1,seductive.hot,premium,116,116,high,low,9,namesilo,,,10/09/2026 01:39
18da4abd-1620-478d-a598-95c31fe89750,negotiated.hot,available,41.6,41.6,medium,low,10,spaceship,,,29/09/2026 23:38
78d2cc31-0e99-4d15-9363-eb409636fc26,felted.hot,available,51.99,51.99,medium,low,6,namesilo,,,18/08/2026 01:00
1cd5b54c-0c4f-41bd-9413-aaa57a84865e,eatable.hot,available,51.99,51.99,medium,low,7,namesilo,,,12/08/2026 18:47
97d754d3-dca1-4beb-8da4-c47773bda9f2,yield.hot,premium,517.7,517.7,high,low,5,spaceship,,,30/09/2026 07:29
d56cc7d0-dbbc-4bd7-a41c-f63e544429cf,containment.hot,available,41.6,41.6,high,low,11,spaceship,,,29/09/2026 10:17
cb1901e9-1a20-4e37-978a-cedd5d5cfd67,adamance.hot,available,51.99,51.99,medium,low,8,namesilo,,,17/09/2026 06:15
2abe4c36-c032-49c1-a91e-7fb5018c76eb,assort.hot,available,51.99,51.99,medium,low,6,namesilo,,,17/09/2026 14:23
a04fc018-cf86-49ca-bb77-eb0d4cffd2ef,lion.hot,premium,1100,1100,high,medium,4,dynadot,,,30/09/2026 01:36
75b5ca41-b675-49ed-a83b-03d7c462ef1a,hickory.hot,premium,130,130,high,low,7,namecheap,,,30/09/2026 17:36
b6d46c68-1edf-43fa-b3f4-97cbd1bdfc93,balm.hot,available,51.99,51.99,high,low,4,namesilo,,,21/09/2026 23:35
d0caf24c-4cd8-45c3-86ab-6f812c136ab9,moore.hot,premium,517.7,517.7,high,low,5,spaceship,,,27/09/2026 13:11
cdd975b3-1301-45cf-b7b6-aebf02a2c901,clad.hot,available,51.99,51.99,high,low,4,namesilo,,,12/08/2026 09:13
5359a5bd-0b54-498e-94a3-0a0a964df396,statutory.hot,premium,130,130,medium,low,9,namecheap,,,10/09/2026 19:20
80dca7a8-25ca-4378-8e5b-d23c4784f701,barstow.hot,available,52.98,58.98,medium,low,7,namecheap,,,22/09/2026 08:54
ae399f83-5f9b-4648-8db2-ff5542c8acf3,narragansett.hot,available,30,41.71,high,low,12,porkbun,,,29/09/2026 15:38
9a032c97-15a9-4a43-90e2-43bfebef1ced,faded.hot,available,51.99,51.99,high,low,5,namesilo,,,22/09/2026 11:25
0c227407-9d09-4956-8523-703d91a83993,oriole.hot,available,52.98,58.98,high,low,6,namecheap,,,18/09/2026 20:26
c2260917-564c-4f0d-b430-065d64412297,coats.hot,premium,116,116,high,low,5,namesilo,,,17/09/2026 00:23
17782694-723f-4dd6-a8fa-40c894f63a95,quarrying.hot,available,52.98,58.98,medium,low,9,namecheap,,,02/10/2026 06:09
f9c37e86-96ac-45e2-b20e-ee758d75ee65,abductor.hot,available,51.99,51.99,medium,low,8,namesilo,,,16/09/2026 14:54
4c861fe9-96a1-474a-ad19-3fc61c9fddd6,paris.hot,premium,650,650,high,low,5,namecheap,,,24/09/2026 12:17
ed28eaf0-3f00-4d52-ac46-899782c5559f,businessmen.hot,available,51.99,51.99,high,low,11,namesilo,,,02/10/2026 12:59
9d708888-1713-48ac-99bd-62591a644cbf,addable.hot,available,51.99,51.99,medium,low,7,namesilo,,,
a5965e45-8b81-4ce7-a796-1b7b51f470f2,bullying.hot,available,51.99,51.99,medium,low,8,namesilo,,,23/09/2026 10:48
9bf0b50e-9e27-4530-9410-d7fdd8f0dcb0,riggs.hot,available,41.6,41.6,medium,low,5,spaceship,,,28/09/2026 08:07
58e06004-16c1-4596-a205-015bc595b3d5,episode.hot,premium,110,110,high,low,7,dynadot,,,29/09/2026 18:15
60e2c6d9-3f23-4118-85e4-9613d261799b,sleeping.hot,premium,103.7,103.7,high,low,8,spaceship,,,27/09/2026 22:26
83bae65a-c8e3-4f28-aefb-95ad3ede870d,tippy.hot,available,51.99,51.99,medium,low,5,namesilo,,,13/08/2026 04:55
08f988e8-6c2e-4b39-8300-0c0ca32ac8dd,hitless.hot,available,51.99,51.99,medium,low,7,namesilo,,,20/08/2026 15:56
a973aa1b-6a45-4d04-b8a9-af8112c66c49,eighty.hot,available,52.98,58.98,high,low,6,namecheap,,,
0cb5340b-dafd-4cae-9a78-05a67d4c8aa7,secrets.hot,premium,1250,1250,medium,low,7,name.com,,,25/09/2026 19:59
28a0c7d8-909f-4854-a1b0-d5c9c8d8b639,subtle.hot,premium,100.5,116,high,low,6,unstoppable,,,28/09/2026 01:48
7538fff0-97fc-47a3-808b-8fc7af402cea,collegial.hot,available,51.99,51.99,medium,low,9,namesilo,,,12/08/2026 17:06
c51ade7c-1d73-458d-a108-36dab392073d,cancel.hot,premium,103.7,103.7,medium,low,6,spaceship,,,29/09/2026 06:25
26cc2263-715b-43e8-bf2a-31a13a54bbe9,jumps.hot,available,51.99,51.99,high,low,5,namesilo,,,
9c2e8fe6-dc40-4a89-8165-7d93d6864cc8,rfc.hot,premium,3450,3450,high,low,3,namesilo,,,27/09/2026 06:31
3c4c5ff3-214a-4b91-8db4-b93a8ac365f6,smitten.hot,available,52.98,58.98,high,low,7,namecheap,,,16/08/2026 21:16
1e2166b3-ea91-47ea-b8f3-26caa580d631,cucumber.hot,available,41.6,41.6,high,low,8,spaceship,,,29/09/2026 12:58
dd4815c8-76d0-4efb-910d-8087116b3a4b,after.hot,premium,640,640,high,low,5,namesilo,,,21/09/2026 22:16
6f0448ee-d637-4f88-90d0-27870f6796fa,exhaust.hot,premium,103.7,103.7,high,low,7,spaceship,,,29/09/2026 18:34
52d59cf8-4b70-440c-aa0f-65619c88c077,voluble.hot,available,51.99,51.99,medium,low,7,namesilo,,,13/09/2026 06:59
681f5765-3f51-42a3-9583-6aeae8542e12,caught.hot,premium,125,,high,low,6,name.com,,,
1208e947-34c7-4076-9936-2c3457e7cd97,dilemma.hot,available,52.98,58.98,high,low,7,namecheap,,,29/09/2026 14:57
01ac5250-fc7f-4f1d-92ab-708040c9598d,bevy.hot,available,51.99,51.99,medium,low,4,namesilo,,,23/09/2026 12:05
ee6c6275-fc42-456b-9cb8-92b6981c05c0,etiolate.hot,available,51.99,51.99,medium,low,8,namesilo,,,17/08/2026 13:53
d92bf391-12b6-4eda-a149-50f3f8598805,muggy.hot,available,51.99,51.99,medium,low,5,namesilo,,,03/09/2026 10:31
a5039a0c-c62c-4208-9993-d96ed8541751,northwest.hot,premium,109.69,109.69,medium,low,9,porkbun,,,28/09/2026 17:00
bb275ecd-35b1-441e-89a3-72400904f9bb,commissioner.hot,premium,130,130,high,low,12,namecheap,,,27/09/2026 17:50
1e945a3d-3859-4138-810b-3b31c1a2d348,nursing.hot,premium,550,550,high,low,7,dynadot,,,27/09/2026 11:56
7f0e5002-d7fc-45a5-a856-0e8453ba0049,sofa.hot,premium,1300,1300,high,low,4,namecheap,,,24/09/2026 18:34
693ab40d-d041-45e2-8c70-1b13fe2438c6,police.hot,premium,116,116,high,low,6,namesilo,,,29/09/2026 11:14
f676a2a1-458b-4350-885b-5b5ec28ae250,wants.hot,premium,650,650,medium,low,5,namecheap,,,25/09/2026 17:58
0cd95603-c590-43ac-ad9a-5c743c991b9c,refreshed.hot,available,51.99,51.99,high,low,9,namesilo,,,25/09/2026 11:08
3d6d2df5-7d7a-46ce-8579-3eecba9a399e,lingo.hot,available,51.99,51.99,medium,low,5,namesilo,,,13/09/2026 04:12
29d8f04f-3d1b-4421-9c14-4ad367680c19,pertly.hot,available,51.99,51.99,medium,low,6,namesilo,,,15/09/2026 02:17
6071d6d9-f1ca-4a23-98de-28c1053f59f5,conclusion.hot,premium,116,116,high,low,10,namesilo,,,30/09/2026 14:56
f62f89d5-144a-4f03-89c3-f612e395c42a,talents.hot,available,53,,medium,low,7,unstoppable,,,28/09/2026 13:14
e3e849e4-47d5-4ad6-a9da-6a078e52405e,optimism.hot,available,43.02,43.02,high,low,8,dynadot,,,29/09/2026 07:46
16d8af45-4789-431a-99e5-b836273b950c,begun.hot,premium,650,650,medium,low,5,namecheap,,,28/09/2026 08:15
b2b3c948-7c90-45ca-802d-369c020b6f5d,suite.hot,premium,517.7,517.7,high,low,5,spaceship,,,01/10/2026 01:44
db7c07eb-f068-4c51-9f7e-92dd9f7cda97,forgery.hot,available,51.99,51.99,medium,low,7,namesilo,,,13/08/2026 03:36
5eb2c2d6-bede-42f1-9f09-3958b64db49b,earthquakes.hot,available,43.02,43.02,medium,low,11,dynadot,,,29/09/2026 23:17
51d8022c-93ce-4c5f-9aba-3a1cb29ac90c,diminuendo.hot,available,51.99,51.99,medium,low,10,namesilo,,,13/08/2026 22:19
9d635633-0fae-46a7-86c8-f3f462be9595,townsville.hot,premium,100.5,,medium,low,10,unstoppable,,,30/09/2026 22:10
09ca5578-1776-424c-8c93-aac2bb0fb595,irregular.hot,available,52.98,58.98,high,low,9,namecheap,,,25/09/2026 11:26
35ae6ffb-f579-47bf-9ff8-712762cbcb8f,prowess.hot,available,51.99,51.99,high,low,7,namesilo,,,20/09/2026 11:56
b682c53f-3626-46fc-9c99-9f759eb4a133,fledgeling.hot,available,51.99,51.99,high,low,10,namesilo,,,18/08/2026 07:32
016a4c99-f444-42c9-895e-c8232e46a97b,denny.hot,available,52.98,58.98,high,low,5,namecheap,,,25/09/2026 15:22
901c0b8a-78cc-406d-8712-54defebb0db6,dustin.hot,premium,116,116,high,low,6,namesilo,,,29/09/2026 09:23
7a0d73f3-6a4c-4e23-8961-cbfcda8a0975,eager.hot,available,52.98,58.98,high,low,5,namecheap,,,24/09/2026 12:48
e3f5bfa2-d0dc-422b-8880-84b288b1caa0,heath.hot,premium,517.7,517.7,high,low,5,spaceship,,,30/09/2026 17:33
62916a30-7b01-4181-9244-c98eb1b1b9c9,neighbor.hot,premium,109.69,109.69,high,low,8,porkbun,,,30/09/2026 05:34
b66e1792-81b1-4bce-958d-5412cfca7657,jeer.hot,available,51.99,51.99,medium,low,4,namesilo,,,22/08/2026 12:37
b351e8b0-64fc-4aaf-a870-34b43793b8b8,rebel.hot,premium,625,625,high,medium,5,name.com,,,22/08/2026 07:47
664843a0-78ff-454b-a03e-424272b96364,aloha.hot,premium,130,130,high,low,5,namecheap,,,18/09/2026 13:08
20fe244c-e779-44e2-a9ef-d0d49b88ad0f,precarious.hot,available,51.99,51.99,medium,low,10,namesilo,,,08/09/2026 01:44
35a28e3d-427c-48c2-912f-bd00932d7dd0,citywide.hot,available,51.99,51.99,high,low,8,namesilo,,,12/08/2026 09:00
6c6d800b-ea38-4a28-98d2-ad1071e6d9f7,moment.hot,premium,103.7,103.7,high,low,6,spaceship,,,29/09/2026 22:41
0af9d76f-66fe-4d93-8cf9-39d01230a5af,hunt.hot,premium,1107,1107,high,medium,4,namesilo,,,25/09/2026 23:08
3af3694e-522b-4d8e-97be-15a2d8dacc0d,narration.hot,available,51.99,51.99,high,low,9,namesilo,,,03/09/2026 13:18
59372a04-eaf2-4bf2-a356-3404408cefe9,dobson.hot,premium,103.7,103.7,high,low,6,spaceship,,,03/10/2026 00:12
45032399-f5cd-4d89-8af3-53fda22bcb1b,lawyer.hot,premium,116,116,high,low,6,namesilo,,,28/09/2026 23:08
f7e6ea21-1e5e-48fd-a7b2-ce5bd3dafeff,unrivaled.hot,available,51.99,51.99,high,low,9,namesilo,,,24/08/2026 17:06
fde3b759-5dc1-4227-8929-ab7e8f811e04,lucille.hot,premium,103.7,103.7,medium,low,7,spaceship,,,28/09/2026 21:59
61badb06-2b46-4f2c-83ef-e3fd2b1ce5b8,moms.hot,premium,1035.2,1035.2,high,low,4,spaceship,,,01/10/2026 18:00
ceb71390-c4fe-4c82-b86a-5a10702dcf35,turtles.hot,available,51.99,51.99,medium,low,7,namesilo,,,28/09/2026 23:52
ebbb61a7-10e2-4b43-aa77-5bf1c5f98340,elder.hot,premium,625,625,high,low,5,name.com,,,16/08/2026 01:32
9fcd349f-4818-4655-937a-629485d97784,brushed.hot,available,51.99,51.99,high,low,7,namesilo,,,11/08/2026 06:58
f9c5caa4-449e-49ce-90f6-cf093ec87571,ahmad.hot,premium,116,116,high,low,5,namesilo,,,27/09/2026 07:37
48f4dcc4-1488-473c-b838-902f670ecc83,ottar.hot,available,52.98,58.98,medium,low,5,namecheap,,,20/09/2026 19:29
8820801f-d5c1-4f0b-a9fc-e72905ef8168,groves.hot,available,52.98,58.98,high,low,6,namecheap,,,29/09/2026 21:37
f6a05e0d-095f-435c-b02d-0733322e346a,punk.hot,premium,1107,1107,high,low,4,namesilo,,,23/09/2026 11:14
558e7b64-ee24-4754-b989-2b25fab45cd9,fungal.hot,available,52.98,58.98,medium,low,6,namecheap,,,18/08/2026 18:28
80bf4ef4-925f-40dc-af6f-40b9c1ecac9f,krupp.hot,available,51.99,51.99,medium,low,5,namesilo,,,18/09/2026 06:37
e59090a7-9b03-4fe7-9abf-e7325921c471,magnetism.hot,available,30,41.71,high,low,9,porkbun,,,30/09/2026 10:31